,country,urban_ghg_emissions_tonnesCO2e_2000,urban_population_2000,urban_ghg_emissions_tonnesCO2e_2005,urban_population_2005,urban_ghg_emissions_tonnesCO2e_2010,urban_population_2010,urban_ghg_emissions_tonnesCO2e_2015,urban_population_2015,urban_ghg_emissions_tonnesCO2e_2016,urban_population_2016,urban_ghg_emissions_tonnesCO2e_2017,urban_population_2017,urban_ghg_emissions_tonnesCO2e_2018,urban_population_2018,urban_ghg_emissions_tonnesCO2e_2019,urban_population_2019,urban_ghg_emissions_tonnesCO2e_2020,urban_population_2020
0,AFG,335932.36346036586,2175297.964760338,440311.1730084903,2469429.1974314936,1430600.0284047925,2793943.943887049,1702317.0940992148,3243724.8399133007,1797011.0539689204,3240318.9215253494,1991173.7948199632,3311118.456448768,2120071.2809323887,3451250.337006669,1986009.3086194673,3509637.635653806,2025333.134339764,3615488.431298877
1,AGO,3259640.6561668483,651027.8101450768,4791000.562222755,1386399.3592664106,7013934.910410266,2788699.2769558453,10075145.522476329,5652588.8897856595,9184121.942382056,6580549.0177923925,8166176.516241162,7521942.689106367,8165697.597101966,8642931.743309181,8385641.40763863,10144457.269697541,8161752.551062782,11835423.130176304
2,ALB,277395.35078867414,414295.42356226547,310099.40664626774,472632.3365926721,386921.2218299594,538192.8260193949,416012.3209301457,637639.275818505,402935.94249817583,656305.811470159,471687.256889256,681294.6328242637,478759.69165274565,702681.6444060816,456189.57665230695,725355.4704997996,434078.38125593716,744328.9153869596
3,ARE,20325852.303380497,487291.9685265336,25121812.8662684,619038.2613606157,40718905.124062315,831327.676413144,50690119.08935616,1237267.4921827598,51711486.77153655,1207072.286037893,48856671.45047319,1397894.260255795,42344498.650756605,1448050.433050034,47293092.338837065,1516915.153721583,44800734.821894884,1633668.39012016
4,ARG,44291536.24474026,14238774.567283817,49512173.58967609,15050708.552264858,50301911.60116961,15897720.602203097,58054553.357668474,18042533.507657427,58040464.469562076,18234456.8657709,54504680.70470235,18305258.423848566,53221740.86391693,18774070.67703931,50468869.12014282,18903693.941376828,48364057.07270369,19021243.730469577
5,ARM,1294936.1978961453,1025022.2023292101,1264761.5233203901,1005021.5022251265,1047372.9472096908,991019.39894665,1407854.2835420063,970073.7148823324,1345894.989052609,971050.7264351029,1404233.2368430742,961064.2523117713,1506712.8258840907,961135.9585543068,1515969.3999463255,957611.35116817,1551464.084727234,960693.5351152008
6,AUS,66186930.74300043,10842634.392888516,63325703.38602533,10886138.519487236,73045667.00529464,10913940.247049041,72443428.44412322,10940716.83116984,71547532.93074876,10939476.512920793,66991606.07278915,10938199.90682184,65584481.12423864,10932434.626013186,65071167.75224178,10922823.212043134,61813654.87545775,10921764.944706922
7,AUT,9490829.17862645,1642888.6885956805,11415577.823769182,1745237.456856693,11724082.97482385,1848304.4133953329,9938685.696202414,1969822.2088658228,10027902.502080835,2010588.4236336774,10437299.060292672,2012622.57253834,9861086.532152625,2042241.6935913146,10361202.08167812,2067281.242934539,9546379.663789187,2058018.2256748325
8,AZE,3994202.2837431664,1572040.6626331713,6821691.188821811,1668589.608786136,6436523.755454256,1808457.4226126492,13523864.132858599,1949321.5088635508,13178318.030146401,2007680.1983580731,13159652.887044799,2031580.6448794473,13749931.971125294,2058974.0338610034,15354283.630476872,2101446.4137511924,12759450.241114706,2128035.6758502135
9,BDI,133003.7795950544,267339.1057359136,172034.9526980027,346547.05016040575,164324.2119464135,441173.9313217282,160352.3842113452,564837.8214612841,168129.61327397093,592030.1636633979,182470.34901251015,624369.3900509286,198512.73688060016,653692.0324660313,200223.451367223,686775.9496047606,189995.49480484222,718840.2833239576
10,BEL,43854527.511527546,3338931.4368711035,42404765.304633,3555734.2917748205,42909052.47609812,3696933.2326561897,38810590.46471756,3944081.406753774,38682338.99702063,3981728.746789552,38740962.10580285,4029533.370573057,38715828.93881204,4062664.412481228,38334733.015512906,4109684.325871348,34883512.532122955,4135619.948792056
11,BEN,452549.0349847316,1070285.604766814,593678.2900675713,1249876.905669871,741476.242829088,1432830.95818854,850168.9465432834,1683210.3368903513,896231.898188021,1750355.868680555,920669.9144428198,1796957.2848717012,982592.36711139,1872134.0674533653,1076944.664515804,1921973.8208276047,1054163.4721282276,2025998.1641792005
12,BFA,498289.26856956567,700346.7065164795,715662.3495902992,977677.8012785153,990682.1530320825,1386518.2547374177,1673009.305264153,1958572.5942095474,1706919.8272002744,2096315.5744155897,1803271.910257908,2237520.5624311175,1939272.9555208948,2416794.493120999,2022141.3571425993,2554976.5479405737,1988302.919075687,2748388.0564146396
13,BGD,4903519.610936634,11758264.025386725,6517519.813879367,13805445.52189206,10274687.972351136,16064974.70620791,12648942.846695388,19166392.925737675,13070386.719607363,19843673.13687969,13801588.027511735,20345739.209980384,14445660.936189733,20913222.96444916,15317060.014111223,21160206.30225913,15193177.970481547,22046142.16488928
14,BGR,2414007.5797108267,665139.167799197,2529753.092598093,708354.888087792,2386559.004190769,727182.4419905301,2320042.124789792,841363.2960189946,2297533.6042894144,808093.1720037645,2340830.5456848526,807232.168930257,2343112.5199364894,849350.780736788,2327284.387901491,855966.9195991545,2149035.395427246,830515.1994346353
15,BHR,8140899.145862939,458874.57604102755,9967270.076646416,638146.102766327,11481053.745180003,894078.5815189409,10980072.68165882,1238399.6621251984,10922439.200292828,1320577.4933436883,11027597.275232563,1416829.4915747175,11051629.209928967,1499991.697939021,11246392.73695662,1609921.9191287048,12207532.982198058,1712859.9427321246
16,BHS,760728.7201677895,97279.98734878919,623907.7681675197,103778.79467503777,825557.45397672,110702.49349809162,927472.7824850926,124616.03301101392,938872.3632098704,129109.57080147504,1016322.4410663586,130014.82475280586,1131012.765051242,130980.694368093,1120820.1105540805,133222.12217439775,951180.2631216514,133112.24496268446
17,BIH,286561.99787679256,224313.74699056312,321611.3071809118,222675.7875831386,343074.7084575224,214249.0595145168,308200.0414097449,236269.2694020225,324484.4211258103,241670.80021050098,323455.0800348957,222577.26084132816,337419.8018315742,238908.39041471103,325429.3520564006,231819.75140207662,310053.8294877114,223090.8812824019
18,BLR,8392091.84341575,2807503.3383175633,9241521.48967863,2905650.563159038,12305505.444729261,2956233.771950125,14555272.343762878,3051629.8761568572,14563272.777509471,3100428.8443139424,14722273.33906857,3109550.726941154,15375949.704703152,3078570.4869022956,14711639.2836968,3093117.5030278936,13616825.974331664,3126260.8756596977
19,BOL,3329201.55457833,1654932.6165176746,4013948.655347115,1862028.465186251,5774505.635403134,2168451.59840123,6431691.28573529,2772866.924579849,7345624.179473868,2678862.5292243543,7208809.943890518,2637122.4292633664,7045019.68255664,2721605.046989238,6752389.23298541,2773819.4513226137,6082290.885334339,2832139.208736481
20,BRA,133730840.21311103,64877403.680008054,169036480.18545687,69205696.05097428,202431039.88700843,73865069.00661272,213420499.02254975,78873374.74058034,215851144.6413802,79894876.1043544,216080463.59373897,80969769.275922,198490320.18229043,82026013.7737579,200414439.50019246,83159953.89674664,195560444.49784845,84253727.19715892
21,BWA,221443.79875193827,66422.30800454009,239850.8064251665,75073.46134395024,277117.91548546933,81185.45358734386,297463.70623009733,100494.21855527941,286571.7614169275,101070.44509155126,289137.11413535423,102342.84252623841,294806.8003438382,102890.59116350533,298185.8964973407,111199.45690249267,283974.04421185673,106372.06584909162
22,CAF,101152.81124790487,462577.47481302416,108454.56871211395,518736.2110318394,138761.6197432932,588340.8778048782,149779.81861352504,672661.6210487046,154835.65622092475,689226.0574183412,156047.9813155003,702248.0468780295,160498.8516287756,725093.8659114366,164499.3813992146,739497.7692604131,158087.77397780324,760328.2470080461
23,CAN,144116871.26383126,13125482.092506303,155801911.0837346,14082726.863492688,145622667.2971222,15101965.897327252,157060372.94638202,16199564.963978117,155145578.32076988,16426363.571909055,158139478.74111632,16657824.647832181,164581090.66002223,16894822.343731925,165617931.40680888,17124092.36833235,154046776.0338893,17383269.535403978
24,CHE,19431462.44550689,1725030.3876381603,21611316.44474484,1874819.4015595096,19365508.429318767,1955094.7631599184,16544775.27031107,2065510.9262365624,16824019.984239794,2067472.350762777,16898332.23617283,2086294.090434026,16627188.737544812,2099166.3135185265,16676458.937272644,2115702.3390619606,14932158.408576868,2134026.948128446
25,CHL,12761273.230971739,5565694.81915738,14013311.76346563,5690871.681381716,12861582.06680944,6087041.001625278,17565310.70886446,6802262.592084326,18234797.1075604,7098456.469615059,18517534.72036148,7265465.50556837,18978013.066581786,7161597.121030736,19160745.44183512,7246747.380107098,18301755.779276572,7649470.815907487
26,CHN,914542837.016786,285141737.83314884,1507268207.2138662,307976402.8168078,2215036841.2155323,337187475.3989918,2579524722.7563763,362884695.0957177,2570677155.449259,369008453.98700064,2650384766.8553314,374070161.91384995,2781537321.6467137,380738838.6118973,2864885104.195395,384770811.7309352,2906518896.794525,390744178.69584745
27,CIV,1722137.6638205843,2909241.4215769293,1918385.253985214,3564795.7869427884,1992496.7056282195,4087390.3745435416,2718813.5078138304,4860167.681167784,2705072.36381318,5032868.97786798,2802255.051288933,5072067.278795303,2751026.7525988813,5104916.973281572,2886771.402844403,5437990.2488147225,2919325.3531175377,5465329.942403341
28,CMR,1785184.816640431,1825910.030909004,2039924.1848280597,2332756.976815316,2379166.652766213,2980306.3899069596,2716419.7386907637,4162999.9106238163,2853712.040715725,4190551.6289656074,3037376.089355194,4499379.369926487,3161879.869923193,4732661.491312747,3241337.6896566316,4949609.86632838,3207857.089832587,5474416.308356806
29,COD,3110638.109117811,6747165.893827533,3701632.8022300554,8226948.776307489,3944709.6412161496,10074091.582324402,5069972.248912462,11505991.704981955,5205892.965403905,12152337.778356846,4052896.21155407,12595715.600430004,4084247.069330166,13027527.702303339,4147233.5996778863,13467245.119177574,4202731.859576393,14270687.615137164
30,COG,2050971.913699858,1258484.3268282264,2581194.157996372,1135326.4572706863,2511375.044300424,972518.8522272133,2984719.5237228703,871155.3352157184,3084028.7124710833,879486.387075811,2581444.2711074664,853944.0133329328,2549111.1137282737,864306.1228710446,2580363.7960287724,826551.3329506923,2589409.783071587,776025.6064711632
31,COL,15723629.59700959,9114035.282542523,14395639.76472326,10361259.517141897,15627825.74533605,11952607.176461289,18919173.07932572,16443135.098476341,18948318.00086192,15904816.210423285,17735102.933356903,16518723.722975591,18903897.40042978,16604721.975506919,19097318.734765247,17788727.881161246,18029828.23432288,17447495.191329695
32,CPV,7168.487845612646,3406.871820289018,12010.46717041339,4072.1784445182934,14227.160867955108,4116.021180837295,16901.592697671556,4942.155716011577,17666.22713848533,4920.447723299852,19602.1155822904,5105.7041196594055,19469.180772353528,4626.516197603823,19724.16146221944,4615.448380352,19233.781782627506,4831.098204365431
33,CRI,1863471.4290744208,1169476.240010862,2619484.4958338276,1200374.1689702352,3109324.5706371306,1240674.9462734347,2921476.4999544206,1292356.2943523664,3001644.2869427633,1301797.9130407306,2965690.7776196855,1310092.6344111713,2994044.8468196583,1319493.9780350106,2928972.4240078665,1330569.4302965566,2783178.0400083098,1340094.799152327
34,CUB,5372876.940684526,1182397.6481035368,2975291.90202564,1226325.2731389431,3092360.8460961636,1211665.4741233638,3686868.389740079,1225426.3616957024,3062420.139770515,1244914.2579472396,3555100.3273963314,1244840.2877176104,4022848.348767031,1228009.7289623718,3584414.912252818,1229346.558524499,3284565.756244166,1212781.8458242372
35,CUW,1666454.5881951605,75517.21555135094,1777347.5418831075,81717.90846197218,1080701.5131915016,90095.78489723282,1677901.7278820777,97343.29158898811,1355741.750421471,99358.58666509023,997056.6948531305,100944.3495052111,706774.4673463107,102533.90927868805,429490.1363721811,104529.39885424149,350107.1430004791,106278.9677098099
36,CYP,604805.008133925,283880.1927054674,627933.0288246328,310644.7135780219,668735.6761953537,334869.1801855153,623386.6675060287,367838.2113901168,646419.4320708743,367765.4005656004,684792.8174692915,376899.12813962344,658635.1553207752,385135.43059338885,669794.6117597868,391305.45304859354,618828.492727859,396347.3680724654
37,CZE,5861270.1700361185,1226574.4584123993,5654038.354750669,1279113.4176796004,5576304.594918135,1318306.2873506213,5147744.329202004,1326534.3639208898,5202048.6381918695,1319024.400620372,5328287.554511192,1317158.5008459669,5209639.662240675,1320542.756707332,5148379.2103047995,1333883.122521323,4898702.954206806,1335542.2000589354
38,DEU,159976736.17609128,17430136.180779528,160672993.3172651,18080029.845857713,156651573.50614095,18166270.08360489,145531157.83797795,18783983.01436882,147004463.89862627,18506731.781178016,145969917.6473193,18480268.022826716,141793684.04364368,18665396.20195831,134221962.25396654,18710033.335484803,122550205.98662964,18640328.740815565
39,DJI,95524.66012432773,181745.14327287886,102257.18447565455,208336.93277589008,99520.38314801507,228890.73071796942,97403.97202526593,267394.1842247551,98786.01846533548,278154.7547209647,99120.45259628416,284026.75332872814,101337.80386854721,289975.69481334835,101115.42637350252,296401.0387631153,95222.49484085379,290145.9120727614
40,DNK,5034671.523007928,1183579.356839754,5268916.313785237,1256793.74505131,5073341.260616016,1334806.4548229869,4413999.468660776,1422498.184858154,4377578.462184149,1440159.0404330706,4478426.706910107,1461219.9573321445,4453146.780318845,1481554.6978944002,4325709.864126403,1502525.9774325253,3708134.4256594153,1527701.7078131363
41,DOM,5466385.273703289,2551376.53416632,5961732.775391492,2890899.7964431634,5564939.637631485,3259151.482954049,5815807.051836113,3842993.935838027,6102729.53316625,3969935.519119889,6242769.9091026625,4093532.400831569,6440673.011392759,4194363.421896423,6663306.322848295,4338771.885405812,6701446.620948196,4433811.393481185
42,DZA,7328732.026881732,5675586.177727843,9218574.924670054,6294908.481589665,8648348.300388236,6807317.66767289,11668457.107540578,7986964.267574431,11598935.245324893,8132452.110191251,11975271.62797262,8351565.415053553,12849837.366708258,8497161.369326023,13123340.964419084,8743030.2088257,12559591.118495602,8952734.527684411
43,ECU,4085625.877924513,2872542.3458003867,5205297.849407006,3230566.165274595,5430945.172841498,3562833.301090431,6539187.527288703,4299563.518123166,6151852.06442287,4499904.356621929,5927047.898679961,4499614.219092324,6096992.4023419665,4613811.797547064,6029635.812414858,4782813.558101492,5325942.504274173,4789985.486382757
44,EGY,29745391.547823634,19164605.75629064,41368920.57238758,20931121.19126559,48617539.36209622,22677553.966792215,57654476.84081449,25524178.513225097,57785184.70352097,26075281.607948754,62076681.89718504,26621533.70570348,64559096.42326804,27099551.095775634,63732680.47921908,27578743.742845073,59123057.9757887,28072102.945827264
45,ERI,40089.259083011355,135313.07668082844,42939.77871926068,125252.52529264157,43636.52529042541,134389.93403309843,50114.27364733488,147319.1399542266,51054.38427043007,153522.38449249652,52818.36434130433,156867.2365061574,54722.853265553815,153641.9839479989,55675.79272050603,158651.18377136154,54777.93643041479,147355.56915944407
46,ESH,4128.463668118369,98.57665680721402,4302.303826751786,122.39502963096483,4492.199012391728,140.50794709703214,3697.6998605184945,169.99113938091136,3748.904605291076,186.87643972549066,3544.150448251395,163.23694563112858,3682.75884956551,195.05406809886014,3782.3648507270254,176.5638422022043,3239.347237131459,181.41067750684763
47,ESP,23350802.76630706,11460155.471705226,29548523.370691378,12401024.858946882,27778382.58235717,13390652.579261117,24241621.44051339,15186775.721026331,24745905.477358256,15399672.12823508,25479857.413472712,15575463.03508472,25750674.9427326,15798209.08857913,26217414.12934409,15953570.966471244,22778800.503143214,16225377.734181581
48,EST,691425.6572002823,276820.9639062232,791484.8771348333,285493.7590858787,934311.5776736508,287246.44356530765,1076304.6112107688,287523.524183606,1037603.9779098064,288010.5963649487,1053789.229267323,289391.808216456,1309182.046630796,286486.8850138101,1122385.9474483598,289906.26462790807,1089353.8838694706,288410.34305528627
49,ETH,1252660.7246090323,2895892.9556640787,1533537.6442238397,3339256.4546212526,1651470.2033841042,3757021.2427395266,2207874.4754683413,4265584.848199761,2372441.5375228203,4382934.283003501,2463564.8471076107,4468672.280514542,2536574.799550953,4565009.108168804,2631936.825043236,4670604.673673079,2521546.574887978,4723224.061002399
50,FIN,6679225.132233239,515886.89700901974,6625373.673304785,551362.4320211719,6836169.859566142,592573.3310447166,6034882.590582359,673267.7167159849,6276988.111783964,684163.4648573026,6298566.161719986,699004.669525018,6507710.5386041915,706933.6621890385,6396095.846903519,714884.6699806282,6288983.99165975,713972.9725276588
51,FJI,315740.1915362049,148482.8265298671,282790.89754149836,159017.26684450975,174589.12686038532,170481.09329663514,249634.19265578562,183657.0644774889,189627.06943481532,186183.53510222802,224024.4913179988,189022.80017409474,203452.37210325172,191667.9641278695,211710.07100907376,194501.27530067172,211979.6477156588,197595.8166366047
52,FRA,93984210.49312793,19262944.21101623,98152193.45906967,19818966.954415485,84310103.8203086,20408397.428423043,72531140.66550396,20966992.716318827,73547317.41767901,21099676.802804362,74190864.45550984,21197918.920308646,72681373.28255908,21293127.420255054,70607577.89636582,21403061.50830213,61966294.18422626,21517015.095510248
53,GAB,495585.0817149364,237109.3721168974,1467716.4414987483,279275.00731594174,2427453.002579691,332810.0801360371,2280906.584212789,405776.2994309987,2314884.133869053,424609.84723784745,2235509.7977472986,430725.79167063645,2217868.583264927,480435.8653744493,2203505.3218150614,466516.6846175184,2172935.8441149,466582.1072408831
54,GBR,119213496.26545876,26546689.96099332,116729631.98265651,27674374.145865984,109088956.52924904,28860939.07365065,90665582.2815113,30036378.981821354,90830605.41123714,30260718.70333397,90518303.79693149,30494391.69005334,91801924.98481789,30747475.31145901,91164318.51197065,31074781.144119162,79771565.27952605,31336772.35754256
55,GEO,951790.7605578816,904087.9560030353,745540.5029514376,924130.272218184,818205.7746543139,948850.2126918093,1163479.9606892257,975580.4728918851,1150380.046215681,977434.861366249,1207727.8779543857,985817.1309670755,1180894.811383171,969091.630209896,1316096.7517845882,982223.7600017327,1283184.8531631536,973577.3066722093
56,GHA,3171300.820868228,3689303.7509546983,3254046.6146020726,4534185.1561075235,4416246.57346112,5468722.599570255,5672278.065844574,6925427.031659402,5817954.344523505,7306931.742775625,5841106.872652912,7472448.278517599,6277144.613991677,7855709.1490379805,6897629.039305951,8210140.362108634,7022740.112569441,8583256.775651913
57,GIN,405435.1153815834,979435.9656358676,459008.78133762674,1125412.8873694895,553277.9452168691,1237366.203137205,631133.072187813,1422899.8451446795,672281.1712086522,1468372.771704135,700504.09064163,1505859.0551810027,717462.0114327552,1562590.3043239284,739162.6825894824,1603949.428906823,737448.5733039441,1700639.0207633036
58,GLP,195787.38113095908,52480.784789504214,217945.97390004963,54359.35520228451,235586.712536109,54379.672824263114,203735.66960216992,57542.72722349772,192978.61378745493,58214.10749924787,195178.16924525538,58681.13197901723,196532.98809982816,58018.4439108954,197738.68489768344,58637.116513111156,168427.60906850352,58474.72206427238
59,GMB,735.5230075389746,29356.94715730256,908.9759893840029,27241.364262016144,808.9496259371015,25877.757201699642,820.4817894236794,25263.773327965835,877.9402787899595,25025.28911807491,1041.2411389570582,24985.27834312589,1778.1170337064345,24894.93599017274,1773.8490249429233,24965.46390071195,1737.2427506195688,24998.193212037924
60,GNB,58376.15044702919,147309.42825454485,67534.08106003584,173771.17266783954,69296.37632311687,192569.45485611886,77438.22934122772,249270.17512129294,80029.57977539429,256111.94039003333,77427.54887037427,260621.16423810428,80068.19390987254,276043.2735739223,81910.86598909201,282244.4698625344,81907.4362604584,289195.30386832845
61,GNQ,422484.0765836226,31831.750156837617,1086263.403863782,43881.77190909956,1362228.0177834807,50044.425746589266,990673.3408364367,35171.50773338465,1044044.345667769,59168.81351929575,962705.9745946126,51439.52857331194,1048539.8736180922,60983.54267639434,910909.7468068849,61041.64919276448,921302.5910487322,52504.25582689747
62,GRC,11136846.032560125,3936691.2495393595,12178849.526320295,3908112.1929674153,10156747.249063332,3916255.2612844533,9075309.18700182,3969500.0681298855,9162885.430942666,3963368.145565303,8970239.087472545,3948504.096341151,8695616.468209974,3954963.8001882355,8567169.90285042,3947173.245458499,7735063.563747009,3941582.3069034633
63,GTM,3197494.334846549,1491257.0986667562,3365007.5758063328,1568584.6360348777,2421746.910256209,1665204.9908261076,2529486.0372114945,1836359.1126317522,2635019.722708706,1875611.1902678555,2632661.6826968803,1899843.3011684206,2753155.077075527,1926516.419039049,2859403.103715115,1936997.9644177393,2673335.0993679175,1970358.141102731
64,GUF,38602.13417889066,31192.947619629875,53817.4524600761,34197.94945151295,53185.00281686272,35592.434661346335,41720.89488685464,39537.62363387644,42998.06484074471,40828.75628673423,43633.028804230125,41729.354687137245,44500.71819923569,42024.09262600319,45292.267001801454,43019.346288911045,45340.48011024875,42569.1231306357
65,GUM,3206.8832080235507,12050.411191268822,3819.365798907702,12911.3898746642,4173.928601239851,13564.885353877671,4806.104994148863,14358.665197041908,5002.911615920773,14359.698026791806,5325.633263561143,14388.008199045184,5576.802614025421,14659.564634512515,5650.5324433144915,14684.878772048905,3101.419290008281,14707.14272634235
66,GUY,292732.0464932409,117249.13984909016,298005.61027320474,120909.34328754817,299399.3976773537,118446.17473918313,292808.1961386256,124030.36396997604,299305.57933294395,125560.66632217162,303516.34882171336,123600.20432418658,265087.25635364535,124000.76002555953,231416.20588653325,124073.6800582896,223703.96132499064,127042.74056212298
67,HKG,60045244.75768958,3350313.0180180334,97704535.58445829,3448511.389791667,132785367.66768473,3560149.8476138003,152397606.5937432,3675619.6290062275,153030033.16612688,3698867.3137229206,157086705.66059655,3724539.398381963,163415725.65845758,3753946.93142745,165927211.2332647,3777765.8546566237,168064266.28066662,3810318.2269596364
68,HND,666495.0101562599,548501.4124776347,1101437.250735586,632157.835000184,1132295.1555656162,719888.028945121,1098911.2071573553,914312.4750700298,1272435.290890656,872568.1772928201,1576643.0132189675,865422.774507929,942813.6540273803,927931.268536893,1064722.220589088,947938.3398418981,1009744.9573134468,959534.4269882848
69,HRV,1435657.0135779579,481081.10300920415,1742075.614683449,488989.73914425744,1718708.463727934,490032.3828148163,1429434.4002088055,548950.9589278803,1443812.19315758,547177.787044767,1612051.8056281093,539333.9619279985,1529169.3434262313,555356.440813438,1530385.0028208867,539544.6698361193,1500353.4224447783,540222.7720212466
70,HTI,1031689.1819106285,1566851.7184155583,1151388.159431412,1881037.4433262162,1319298.6150725295,2167137.719917457,1598775.5438051187,2734333.802559184,1628749.2336105488,2813714.0381088774,1630581.975801708,2919430.3606315237,1628097.6267704351,3016907.71330624,1649172.5873344433,3129986.7186039714,1557060.2269120223,3261694.1512944475
71,HUN,8436003.679710416,2128649.8891520794,10234870.583143422,2199957.902590292,9709435.932041157,2233881.239308524,8636840.635306664,2321006.6101338933,8670849.48215542,2347270.6325575225,9381898.280657327,2323461.6335556665,9204813.222256586,2336184.744594313,9278556.191980269,2338054.4321831604,9065001.495026791,2362553.3977347426
72,IDN,90786458.1932245,40989343.59628258,103695463.9674963,44879055.75401537,126558711.57230334,48910765.607476346,137513356.4665872,56556881.07164282,138021083.13919637,57647118.564499445,143247286.08790454,59318732.763770774,157187589.24805185,59870048.564287245,168611837.71124262,61670105.58913155,156467131.17594057,63347965.63151643
73,IND,161752336.3710359,129869159.59346445,190695076.52638003,141863109.20056298,267741036.4880071,153443894.50693896,284045671.50142807,167712920.09537432,287723869.28675646,171288371.1025425,306336251.9096776,174218217.57064804,322903649.40773594,175801757.2090408,320678918.9985625,177771815.80815777,303357471.957787,180233682.08637103
74,IRL,6640075.047906165,971195.904543487,7426232.29625548,1007372.593833704,7080909.695181496,1056525.5657084773,5383139.46269902,1128689.9650105145,5971381.921903869,1145413.5060331854,6119568.977669447,1165444.520591647,6345291.927058311,1185642.493111867,6339189.452250075,1209660.3401193381,6008059.265863761,1235482.8331858653
75,IRN,63429616.802052684,8809798.82139391,87356572.4694428,8603487.210387679,101273512.1101363,10007493.796016,106527605.27639623,12997856.99590479,108352509.7361104,12879480.10449418,111564221.18192099,13506762.074561486,113995609.51444213,13408674.128084332,113644186.97842799,13829495.203105444,118150909.75819764,13862985.085028201
76,IRQ,14494751.760757303,3036507.7915981477,14323191.489300393,3554518.1983195622,17610055.323153794,4152238.9392180373,19973346.768270537,4604459.183373949,21568151.660366595,4800084.613012587,24074647.773885254,4902501.873785713,25971558.388448935,5095847.384238615,28327111.911378153,5226329.858864054,26041622.803868446,5348368.245385028
77,ISL,256120.58789814904,43045.347949731695,293344.2578950477,45997.1537888547,238672.64962353717,47552.21174691617,259031.01101330787,66373.2263740007,178053.87407540905,70430.64478606381,181681.05163330125,68659.433604995,179097.3734137986,70235.48472978006,174641.185934478,74016.99333133845,156397.2073113919,77012.51867964983
78,ISR,8118361.141910838,1765071.8324472853,8537656.585260645,1914616.339780659,7544768.798312529,2058161.4840230884,8895759.80057102,2296332.390408815,9037612.725043507,2249653.0179918725,9308023.865274232,2242858.9958517635,8730058.481657188,2197832.329132586,8802788.690159006,2184594.5326172495,8279821.510200177,2531085.585823724
79,ITA,53963750.17651325,18288301.50708267,59450975.80444885,18558523.828097533,51376456.64974809,18864075.717932567,42664101.896163814,19178734.179794118,42402964.397200175,19239229.79041315,42250061.832092345,19309530.94943657,42054800.71234266,19372757.756471198,41249912.04127808,19440129.929469157,37348494.34450878,19512150.68441623
80,JAM,685912.188460387,417933.45996373997,726372.200724584,431797.7556926799,544160.7833776141,454355.43863799854,644966.8465495192,476679.95126392646,634474.1041661212,474906.7288175246,598793.8796133299,485697.5102641613,666914.6659778826,477905.4799899117,662106.3216113608,483561.8304893288,572774.1125851356,478408.2263420484
81,JOR,3948769.5089396285,1655995.4743093373,4861296.504568835,1811970.1498356229,4753695.063171136,1976137.4356387714,5286162.298630631,2326735.0793518913,5324994.779709451,2352186.7000049874,5600877.500410007,2446169.9194467273,5434746.537126193,2452425.3478695555,5519258.800611844,2496548.9254848654,5304589.134846369,2541565.7899499233
82,JPN,429647348.34863067,66748297.00451201,432186080.15244377,68182273.11272101,455464247.4495486,69951984.2406094,448264635.29235053,72690883.24197151,421453380.2153969,73384507.68302843,419876863.6217001,73502248.78843105,412322589.8768596,73815644.17358777,400648253.29940075,73912399.47609903,371921895.4247662,73854746.28419718
83,KAZ,31661883.02330542,1923008.6020495973,39119521.2552557,2010940.115252642,56708402.992303126,2184299.8376871957,44286453.68736375,2570139.2244640985,46583142.899697855,2895232.350436839,48616740.16811816,2900742.505092592,49756634.87750085,2875500.7700382266,50623049.71324052,3075881.496558954,48982421.1258067,3001450.1189847044
84,KEN,3693971.990769881,3275030.4276329735,3908378.860699759,3975881.9195891945,4648263.976182673,4765937.605610258,4771576.651383093,5686769.681511378,5424044.980566191,5814919.034113992,5460204.537479327,6014286.645215607,4836083.661491432,6226967.5966567155,5497239.857171849,6436232.46060177,5162119.6395223895,6681204.770315382
85,KGZ,1255197.2875622818,985976.5009381182,1464049.109544467,1030663.7944076904,1453784.4265681372,1080437.9902316607,2022251.6839884454,1103793.7581668163,1922041.891789373,1131450.5922310865,2068178.6725756628,1132856.87853478,2453679.673426837,1138662.77712465,2314142.262715284,1145087.3508901794,2222260.1010268573,1150252.2237683553
86,KHM,650440.0444009649,1083846.563660579,785038.0218804613,1260079.5841577908,1053145.809507691,1505496.9391607784,1856377.8380141307,1858468.700043365,2231976.8432035474,1944946.524435866,2414336.016652075,2031878.5320656293,2591697.997266257,2130274.319270843,2886423.417443717,2240562.4058098877,2919057.543542633,2357942.649137911
87,KOR,113661692.44015968,22363128.526173163,114562151.57570328,22785710.959411204,126382024.05128005,23377544.739503525,107909783.22048266,26288947.993589524,113442550.93774053,25967131.436744858,113836294.78229216,26164345.15155785,115182269.4770117,26786929.47276084,111459634.85741451,27029138.67464994,108670480.93944257,26881544.45469438
88,KWT,11899638.435465716,820896.8912295596,16226938.966960737,967877.1904471143,25175266.645814296,1153508.6705696047,34095271.33818508,1400216.8693257675,35571247.14074477,1459358.0275108279,36016491.859733135,1498484.797099935,36713865.37672473,1557684.5601374507,38335372.4421933,1605395.9399531432,36473719.515507266,1657108.149268347
89,LAO,196853.3083639136,271898.881001386,236707.9129496541,299740.57564848155,338544.6413543209,334727.03784084506,484097.43005118024,373447.7924763938,439470.0270144206,380594.301477313,446496.1632091353,388992.2635870467,462085.8490707582,395988.2620844889,492962.93416150025,405423.7078551071,488957.97857866273,414894.7381505138
90,LBN,3203305.1749022016,1489886.7670692287,3554425.3223896464,1952044.785956885,4291723.656033807,2578141.1068292703,4061164.9176100777,3434920.4553934652,4194145.986425003,3626812.895143926,4384771.005819525,3843783.0767600676,4309291.742422233,4074354.7142596208,4211429.817165726,4323973.735177571,3893758.6357073104,4590749.362919991
91,LBR,276278.73003926716,515481.3818240007,359598.2594236606,606877.0694009247,379776.9080271518,721521.6223595628,575563.837778204,874752.0042258828,599601.4427742304,907259.899177603,564724.5635193605,934050.0408286755,610971.4280643397,954368.0508938173,634061.3440801,1007114.4451579871,641572.377987666,1018453.7633562669
92,LBY,12930105.66707546,1412929.6065516686,15559951.523351438,1535080.4705985424,16818824.41250697,1634014.136455563,14602988.690389859,1740156.8382542236,11733676.346902652,1817828.62675003,12805436.171517035,1837866.0714087572,13419368.750841755,1842884.5540622247,13057821.230535386,1915406.1516368324,11470603.110486062,1926117.8420806178
93,LKA,3213337.9567880356,2861652.7177217267,3908586.3683836204,2921778.0463166875,3734167.9448086396,2985113.37103699,8026990.822011124,3068581.484447709,8746458.163388582,3082188.0997755732,9233807.99603828,3098842.61816821,8754526.794254454,3112313.493175788,9722626.42333996,3128366.952560377,9775922.812014097,3145988.949701529
94,LSO,119375.67576230827,155718.27338642214,128225.1459665768,160964.94176008765,124007.25944432945,166267.63231852243,129181.76582158223,178245.07139089415,130753.60938686873,179681.03733077302,137239.2415399429,179687.95933753691,136843.10365860118,181168.18530771704,137593.35303324688,183729.15650192782,133536.99934851116,183050.7547911372
95,LTU,2004456.4363927138,476459.5994629682,2516120.161828994,427195.89052941906,2765391.428469287,395240.7620126583,2746501.35742014,391205.8620964851,2631770.281920991,387446.6533078837,2745484.852312865,389587.4303640881,2683986.39757156,381597.15875340387,2611782.668119755,378962.46732150734,2685228.897270483,368757.39369345055
96,LVA,1853849.7497028278,243100.21802079407,2134607.772675402,282337.5101506879,2678232.4606474144,301712.6164063163,2419052.4163584984,347557.0783566556,2393781.7105120085,349336.04327914736,2225330.4853456365,345567.6056734394,2556470.1373066306,361458.10242958524,2439616.927833629,364386.8415855699,2119566.186849635,374853.3836075627
97,MAC,1532991.0719869896,306391.00281366834,2451755.8387189354,328464.06483238813,3076552.082434961,351748.3467760422,3661293.530274565,379770.853537915,3648969.8343692855,385684.05354116077,3848989.4924786934,391326.42333206465,3837445.196429234,399052.8968606239,3906882.5250874944,404543.4914887223,3961135.19197758,414895.79625734803
98,MAR,4445064.9303823775,5550770.406631121,5432686.733779873,5997125.129741667,6222898.525044383,6584202.456909631,6250262.855587999,7443279.069983069,6264850.384285625,7621374.002214362,6561029.322155164,7716674.8021770725,6732553.113031934,7839068.642623619,7199836.288721685,7967545.791184645,6929997.345203992,8107640.545303803
99,MDA,592170.8442716859,308689.3255344291,659399.102690696,304207.0924383083,671369.7317620735,294657.188085627,643217.2198564804,284531.1056980961,645375.8884657772,280734.58004431694,628577.6932359283,281674.8928236381,665563.9842070679,270110.8927335564,679080.3794158632,271395.35908736254,686161.6935088745,273998.6657920104
100,MDG,384102.4524710976,554294.8116629113,427171.2859849636,681080.5303568863,546075.8075571543,831898.1276889683,654129.531658128,1060961.326683532,671726.4972178594,1093262.1417459983,678683.3358198495,1161494.0746742303,678000.0409285243,1205841.871904708,723022.157788048,1260104.5489042094,709833.2502105314,1321337.3003745612
101,MEX,114396806.48313944,45402383.75309094,130736744.4523905,48783164.94403709,149042641.5024388,52740180.342646554,146596164.59825417,57792135.78788022,146819441.30848324,58890674.1780976,153262725.001993,60047913.314985506,153089539.8788692,61262168.831744164,150277979.64792764,62548119.61500096,136189880.4002228,63910627.44140785
102,MKD,396383.16875514097,138234.10825644372,463735.69164129783,134983.82440129077,458574.6109349914,132105.6854974331,432599.4989820242,156528.39315961878,417821.51362193265,148993.539329741,416480.95475587284,143736.67943437706,428217.47675332776,156079.063753618,463962.26738037576,147360.33392511355,435221.81409735343,152258.6017363422
103,MLI,316028.53063534194,1331822.4826058154,381523.03253077785,1774654.7077224175,591406.3673091369,2374256.079827866,798633.1446811699,3329679.3849220485,884212.5056072797,3572555.8416146794,960264.6972087378,3826923.0669419933,1008060.7123751659,4078842.145944205,1069976.6164492834,4410311.807771621,1050711.4590702015,4704950.101455961
104,MLT,477077.0517489574,201052.94058048082,577936.3999229881,203361.3406903674,585615.258902005,207241.28154279993,412024.3186732583,208973.74754346188,368711.2972679355,210806.15078514558,411187.8945543614,210523.98959979427,407197.7843618551,212024.2243339909,427586.7745347772,210520.74074825188,378848.53129097144,211830.16207062535
105,MMR,1915181.5773162409,4374729.043535179,2079008.2217046346,4688544.915303637,1941912.509852792,4897111.313648446,3756291.9367920905,5300037.487401229,4493063.352289989,5402416.998394212,5006528.597703582,5452401.902837093,5208794.6518008225,5508429.557671337,6047347.862310517,5502884.9670212865,6123359.429487845,5596362.550392286
106,MNE,66634.89676282172,27668.784568598672,81931.12818952701,28119.59716561169,100951.17319272172,28470.12412415957,84687.73142912178,31082.25887762238,88730.08043235853,36021.53213296644,89790.96361083159,29164.387743490825,88922.41531974202,35618.08857702178,89524.09614348893,36068.119057715194,86060.52532119211,33175.342553901595
107,MNG,4242992.6073688865,296820.4572874888,5068673.559390501,359006.0866042056,6488133.403893274,419779.3113343509,7978692.355746802,585558.48152216,8322213.826785904,607771.4712678024,8862333.812108092,612517.0746644316,9619819.83414035,663270.8064534757,9820887.902856743,669029.3645298652,10256684.624154575,732657.95617364
108,MOZ,991424.6321387062,1908287.337067901,1413009.8855226077,2326018.3600344053,1214692.1974715241,2653617.9901096397,1931930.0749834091,3138698.064766255,2187778.5351682734,3213253.1251551225,2129590.0606614337,3270338.5107801124,2031201.303241345,3374390.399590965,2034954.851208701,3538934.284321807,1995472.0289889106,3637422.383540482
109,MRT,287469.03789640416,400733.0054625867,403070.92673108296,502022.3683854798,457066.83339225425,626215.8059089214,739850.7630876926,813445.3171282833,698220.8259974,852503.8465847479,929271.7597161446,890132.5530667178,977821.7024679501,952965.6670408082,1030607.1753089139,999288.1675592479,1021674.990069182,1042131.8645120907
110,MUS,603240.2247230028,362589.5172384666,647127.1606311267,364585.7557399377,583357.4876184079,365487.8029778894,663283.1235454197,370976.4575247629,646719.2582258112,370924.9427704654,653249.4192430435,370879.46942562854,632634.3567376499,370932.53850521555,623411.5804467344,372168.76429116284,562288.5895577959,372017.6672498484
111,MWI,429472.58084118826,831750.9151742959,529073.8032335961,982818.5588169417,614970.8197027065,1177601.970064823,436469.42860477604,1430803.7245636652,441049.8616895842,1490791.6460407134,459130.66386215785,1556134.9392073771,487252.0952569463,1630346.444999224,497738.03407855635,1707789.7926913868,488919.45883313793,1793461.3878835926
112,MYS,27594833.118019633,6499473.594115067,36455134.35291591,7445192.724955622,39403111.18470793,8736391.122308081,41878057.56867485,10298324.098422553,42063199.52233878,10657532.954130476,41218461.772346675,10924802.326737925,43147884.576089576,11214406.267263912,44542574.55164456,11516670.485344855,41114696.09730833,11880750.538766898
113,NAM,87702.29317112283,191405.08598016517,133203.59669841538,220245.32707578084,164835.1077594338,255292.68016268522,217457.74755685558,297811.7324573205,253835.36987134747,307504.67032869306,268580.19434001565,317473.9657125465,248474.90171595762,328044.72800519667,269553.996048196,338790.860957465,274411.6078644826,350551.76097878546
114,NCL,197954.86034102464,33018.390092759015,239176.08478139885,40887.879983901024,336266.4276517177,43141.00087243739,370882.99124634115,44685.77315147439,385839.2475520959,44883.75378692541,383062.6847502242,47207.89667853426,425715.84584900056,48499.63440682368,447268.75307209534,48632.47812310807,461986.06108049036,49640.012669513744
115,NER,139245.2795401395,414067.94892086,155894.51825224597,533017.612504459,186669.96011698226,617342.3964912605,273125.6508369463,794921.7905360103,298749.8667855055,801076.1218579571,294968.56447012187,838585.7235810196,289198.0033128239,926436.166845212,313157.0047101019,932110.9726156445,311930.56684688554,963982.3780151185
116,NGA,27158203.135559224,20154966.807277255,33151728.02105578,24053006.69137551,32268965.20629054,28544958.68245801,36444783.27918519,33002028.3367462,37925923.65967128,34047475.14411469,38318257.66519433,35287978.352229245,38997601.73206902,36518980.8593645,39904566.4628936,37211558.53519136,40170386.53667918,38559877.817917585
117,NIC,876212.3978224183,564681.8040630909,741663.1833395313,596857.543526973,797277.920378889,625969.7797464601,744270.2197609147,727066.7818937263,745365.7670992541,702134.5074993044,731224.2384580901,720508.8573960679,709688.3679278825,723872.3044705358,719046.7869616335,730823.9857250765,649163.5615538461,738819.7036237804
118,NLD,35984833.05066369,4456457.771287067,37005242.51334979,4770933.596881298,37266572.50082174,4923637.664335106,32633107.003770046,5254626.826992789,32900590.50072966,5324872.461347582,33352207.080367427,5288610.579001266,33120943.210210096,5363509.749936037,33210851.065407068,5492945.670887821,30110746.40446863,5389908.442871397
119,NOR,2793931.3149127173,401804.9805860478,2976585.6139909863,452074.75280969916,3486491.9986914257,498390.1874886669,3366141.508677743,623985.5283843076,3307114.2090563355,617975.66228841,3354521.321981364,624304.5114183675,3298881.485908367,642023.8810412774,3259880.3324729768,654587.1051735836,3137476.7222076254,676270.8559023723
120,NPL,689001.8719871548,934934.0362106761,754048.5129851355,1322270.5865464238,1297340.6186322041,2046107.7485974785,1436044.167532098,3553058.3412198457,1617940.0848177215,4016321.9134421255,1759750.422243111,4492342.777314135,1936078.7515565697,5109376.103430403,1843442.54402391,5795653.35143969,1830179.397996947,6631707.736926091
121,NZL,7835198.105538581,1536474.55889104,7475596.441587267,1605398.2811416872,8312177.485479626,1677972.4467157023,8000457.021537384,1754101.0538034458,7926339.350925777,1769661.0915011177,8171188.457559053,1785210.9756249147,7859655.98496023,1800991.345373455,8152282.822943906,1816889.3315447173,9456711.441528976,1833223.2670674892
122,OMN,2625769.534307848,35924.52208708431,3094528.469248053,34510.40028639677,4107777.633036657,34131.97498820268,5321004.418722872,35715.83872981063,5491837.229544782,34088.07300719609,5162909.559245305,36540.30012115762,4545893.481434939,35285.11986735397,5110066.5324355215,34570.175562088356,4932905.654760213,35913.165288786586
123,PAK,21034715.939475924,22627119.834513422,25262253.534213405,25564762.898245502,28981560.7204649,29277687.620729405,35296444.65917908,31613067.97945761,38941852.307069995,32626169.39795671,42869032.407603756,34151165.1013254,42674481.142509006,34800366.24539038,43274779.88512841,36184660.75769759,43402690.147516936,37606712.335354045
124,PAN,1075003.2615931742,775503.0922520349,1378773.3777879837,868781.4706604772,1520430.780165423,981068.5071637796,1886521.7604608873,1132570.6553480092,1881641.2749611312,1140658.6537067357,1822516.9678600891,1184342.6663150846,1727691.6751831723,1192820.2488676065,2281960.0241993135,1224700.1786768974,2033748.0190535649,1247884.7161906608
125,PER,7285798.74373162,7804325.010566624,8096620.785741052,8615506.01890653,11457839.934469273,9692496.933025442,11688361.173881715,11375239.922768107,12050727.744636802,11751451.801280206,11179788.613965703,12001480.99188973,12087408.72975615,12299002.76844054,12858990.20912263,12592773.611569984,11360493.105785074,13017714.642079469
126,PHL,11849766.442249533,17637096.71741282,12811821.939539589,18889657.276175734,13228772.563219493,20458247.650130708,15386970.995532852,22239217.080674436,16418636.566408284,22621701.52726753,17487856.269873593,22987572.59357381,18065110.169249915,23428277.07828004,18222418.383481424,23846113.628095035,16826092.07379807,24314513.951123655
127,PNG,165037.3412640576,55321.96185314467,270479.54193285934,58078.22511025737,172816.78048496973,62383.69059856073,222292.96562167048,68338.95596119469,243533.3658771668,68709.17125735185,237308.59268441415,70860.4055378779,232130.59577699009,69386.28200386738,241078.1422262569,72304.38966643618,244356.83771937367,71813.43234714153
128,POL,48056876.66501711,7170286.066565852,46759635.98483665,7280034.32641889,41659084.638802245,7273607.222027288,39118998.24996102,7476346.572722352,39380186.16588088,7446852.45182764,40471326.92958436,7434512.105528029,40330202.12678924,7388619.31634266,38090706.054242425,7416525.234561309,36281675.99494342,7382230.269079656
129,PRI,644780.295216549,1255497.2563499203,662171.3361515617,1225206.6938837685,615439.1773833323,1196366.5169400796,733006.2719145876,1168195.1635775426,737308.8291694474,1162652.4527222635,676771.0093649471,1156932.7056665951,675655.0813547556,1151492.7467598685,675232.295546534,1146075.381735517,631126.4777255578,1140765.5573371125
130,PRK,7788197.242243564,1312614.9991988693,9256174.366526123,1291630.793674704,7487399.114449576,1271986.7866927723,6052784.025265236,1219461.296825751,6460662.432411828,1235834.7893040215,8183176.86211528,1217419.9650789725,8082625.306582876,1187617.2252512663,8579862.566844344,1232001.7522627085,8808831.315016177,1195568.4233241384
131,PRT,5913052.753171591,2803453.882344682,6087425.265486579,2814160.604675312,5680610.155667251,2829339.027004655,4948898.549423676,2845931.55022901,4905997.617507649,2848271.044950337,5028913.343135652,2846014.978593012,4973663.929786455,2857046.591298133,5020235.028411102,2853867.987328647,4725352.6928464975,2865940.9094066434
132,PRY,2569366.6097110864,1415210.7526389572,2404295.4290877646,1548435.6720885846,2827681.6654006257,1708499.8113419604,3061779.5877923793,1924770.4874839296,3458948.2245664326,1974840.940843622,3563133.5697086966,2002678.7131401163,3599762.886303709,2050227.4097951574,3574097.5571558718,2090935.886350277,3540076.4222953436,2122212.2501250496
133,PSE,4071354.9031296386,1631562.6910975145,4397363.362641595,1851287.1572030582,4832559.590133206,2174778.155858971,4493664.401123412,2477109.658398129,4354981.630319361,2551172.852410513,4388654.423403529,2625621.6517314496,4338316.570196105,2708302.422241848,4408897.732505194,2772996.2930311663,4225892.289054859,2883084.749282696
134,QAT,5883849.241270569,237091.7677170435,8624980.688508583,476555.91760606796,9738421.39699714,957673.7518112065,15625971.573471654,1925070.4723103535,16097209.791258378,2216104.691674721,16067448.576707108,2554415.866167135,15810846.423074273,2917847.3511321647,17303929.819591954,3380207.065283924,15180940.970672794,3844046.279213494
135,REU,77450.45377449565,44989.69608669941,86267.56919583795,52918.56609622263,68088.47224953533,53269.0738338556,65220.68451220943,60665.30230939899,66672.29805551871,58999.20671130359,67863.16121079716,62883.47348471542,68806.69990926418,62679.83649405496,69073.99719007037,62508.384771781944,57819.12098459125,63148.50782904432
136,ROU,17724218.235764384,4426188.647317928,17371769.71980555,4357431.000956953,13863421.525502145,4348448.445298498,11033629.789330957,4298812.141307267,11038915.33514452,4258497.6072933655,11480902.057108039,4283924.070167685,11439835.145803932,4258918.587762033,11070279.41656758,4237932.6832544245,10622158.205148615,4178377.0790020246
137,RUS,333619384.1355344,39646885.617631294,342101901.98766696,40795728.6171492,359624690.88026917,40935645.55886207,381046140.77862495,42024638.148246564,372815266.2832771,41737583.37204636,380352580.79977787,42297153.26488858,393577218.4507694,41836556.38295452,413100003.2552564,42436286.574972175,395039772.76790166,42266695.451324284
138,RWA,390316.9133842372,478998.59928706824,440513.91012455407,565599.0317897336,458121.41245260334,670371.5666427339,557233.177592386,825267.7557642038,569746.940274853,868622.9662694107,523736.0398249945,905071.8026043525,539687.1761604005,946431.3918166875,559967.5512234333,995644.626880541,535234.779320217,1049697.898234345
139,SAU,69905737.54286793,1985553.4286311101,100932132.5627044,2280181.2146723117,132943692.7533752,2786665.163330734,162047185.51199624,4037051.3232327355,162422214.85492757,4357792.256113902,162054644.6457559,4338052.63535461,156219635.32235298,4582008.836970089,158035896.03094056,4535468.184642994,158399276.27458715,4749891.922243734
140,SDN,3837160.215576985,1835795.1670334104,4614682.382353878,2146907.4624650613,3959681.0695103966,2422358.17240207,5125187.655145219,2625569.521677306,5519578.898597794,2757449.541239051,5665220.548298959,2783783.5666294433,5788538.447064133,2817366.9372349684,5855187.139277312,2892968.107811354,5475956.504490627,3031093.885160139
141,SEN,939818.4999439566,1701585.043376081,1174538.517378358,2051550.475493609,1703781.7074877464,2349307.700245364,1835849.9935092705,2743948.7158788648,1929601.370187478,2831619.850842186,2024918.988955087,2873737.439993579,2069298.1935779646,2937730.1961285253,2394926.969857405,2968040.7038753442,2346029.489309411,3110170.899919745
142,SGP,29400580.97510828,2348678.4489529384,23928419.964731395,2556936.2006739015,27623962.667083923,2747571.8687673244,31214781.506085694,2977201.397291934,30414515.424086675,3040209.3363796864,32860012.98531408,3105649.630348527,32079641.36981475,3162595.631663797,32334782.90958547,3212325.8337787124,31236744.803709112,3294825.436445016
143,SLE,269202.00468101725,777400.8035862776,316991.7987441269,889760.7353488242,321059.7516936136,1019620.902915245,433552.8872201873,1185107.1627479398,437217.4946657928,1225277.0576235452,430861.93132523494,1242047.0161702218,442394.214217685,1289209.216454147,439958.8903698207,1318599.3853128613,441412.5934011693,1362096.475469473
144,SLV,897237.4516599923,952692.7075084809,1093787.705591083,932587.3906370731,968327.0963591125,912575.7999406514,690334.8908691105,973583.3058195232,695159.326282353,932823.7082048515,673745.1596665828,954831.8332131514,712638.4165457526,960175.5188280478,787099.9623443976,960507.6991178916,701580.9008193377,957445.5670285359
145,SOM,475372.89847112354,406927.9669238657,595918.4800678564,437446.3124589337,610904.6901161902,516338.02659969474,686718.4657290198,508093.07756986754,715004.7424727037,508207.96691067313,727944.8592176284,548515.0749888858,766043.2639739398,545311.3079274689,798910.8588718029,566942.2155934697,813053.2650294646,561821.2454733829
146,SRB,1266070.7267961185,1199220.010863637,1495266.6050604796,1251003.1501900756,1730622.847999559,1304445.8694978398,1488934.2831159518,1354889.2100272374,1556451.9816812957,1343734.7423483715,1571394.9886888145,1349868.1223647813,1575200.3415081,1360654.2892568563,1548551.2279008334,1365712.8827293816,1500157.6015172238,1367458.5496434812
147,SSD,210811.78626726894,6819.699958355585,239464.42681491046,8398.816824323756,261859.8408190289,10037.798703718781,274587.6499175419,10415.061513150209,284625.5633772079,10167.534235900639,286678.9523446427,10468.874188229496,289453.96596448176,11074.492423409578,292448.3654308098,11240.54459614007,280685.1369031579,11932.18136283078
148,SUR,327686.5899661212,155953.96207032574,347232.69201961975,155346.7803061332,274333.3921722707,158239.71406831217,443365.8204300453,163696.77634558533,418624.7096063294,165923.62275714704,371301.109193876,168077.28821598008,349858.98574481654,169529.9807340566,390116.31397177064,170886.02501944403,371970.19610267814,173250.51980703705
149,SVK,6488003.090131905,391382.75889943313,7459418.721713194,391275.2136145546,7046764.8336050175,383381.859774918,6974629.579379762,383354.38810730324,7019609.44204988,380792.9222789684,7261843.241577812,378907.8068329169,6956595.703128366,376774.8501086629,6400854.42196825,373252.6611444867,5844228.557724701,375970.01682440506
150,SVN,1156155.0041408138,180211.2917773693,1185007.779348915,201752.4279056574,1231935.5177078315,209384.4258583442,928718.4531975212,217452.53904889608,944843.6856875818,218201.50835316067,962334.5993778992,219105.40533903232,953876.4607383823,224294.47948322803,945352.6824660365,227103.85135459082,878885.8868503594,227085.72389260778
151,SWE,9760260.963311544,1522878.9791003887,10829147.263843784,1663601.4731759552,11327250.401181975,1791837.3970960672,8984377.38234254,2001912.631311055,9305670.733931432,2046553.4297112986,9367730.429957328,2078651.7562198152,9281948.75954833,2111954.0663282834,9279330.167729268,2135851.996913422,9099582.79968057,2186205.113180636
152,SYR,5416891.336503505,3052979.580275765,7612872.171682053,3797023.699512469,8330939.889232428,4303865.265175766,3890261.1919120005,4883815.599512974,4340977.0837416155,4867239.737515613,4653871.591914939,4886880.533144713,4320863.115538129,5196747.520676715,4097329.530750638,5115635.365912453,3705980.564516713,5473805.627952864
153,TCD,261732.51858185942,339519.8909812643,304943.3487873842,393076.141022521,290000.36420961545,480474.2261739415,407296.8207341504,559853.6214439059,415797.74946994777,590606.5691702906,506363.50466325216,616300.1499356163,526892.8701678377,637150.6755722906,549819.6386245984,652046.7025463169,525019.0824693784,672088.40694985
154,TGO,575453.2123376658,770376.9801982231,618229.1915181387,932365.1395681693,811638.3334179468,1171669.4888143507,899043.4976235369,1512259.671432535,1171681.299170644,1617434.7896621693,998535.606272166,1721790.173836395,1036211.4824151767,1828518.4662830674,1030542.0402053861,1930825.2482340916,1032966.4952397327,2062064.23887137
155,THA,35570740.23223538,8924902.107054282,46665159.26985166,10621029.885714166,61976655.19145519,12553689.249878014,73402370.12024848,15136715.012436446,75765316.18655257,15614644.108237859,74235537.1330464,16269613.833669545,80259471.65857811,16693847.462515859,93725532.76756407,17308303.548521668,90247606.35624683,17919799.652486376
156,TJK,475849.5598112165,759367.2603252953,544669.3885820379,897828.0252220503,557738.0626808496,1012633.7523998998,740050.9347168525,1145590.719437919,891839.350828272,1184394.9511183102,1035204.8312531944,1196849.9993033577,1130008.9753092786,1216004.0303418762,1216083.7165211372,1260076.6703513935,1142796.3046476548,1283134.1028322037
157,TKM,3616679.4417495937,524323.795125031,4724646.803927076,602365.2184434357,6190038.333864298,693429.992206943,8257095.925303373,835971.9508036975,8237581.189035362,959223.3292261848,8281322.904911933,954170.6622005526,8292786.339775692,974515.8426538679,8339481.244113225,1042517.9642775917,7881361.604766205,1044095.458709178
158,TLS,6332.6579287211225,75785.21477444877,15868.399538762797,96919.6085458364,16597.973091950535,125819.35766714136,27388.20335171944,177434.50384019187,27263.844344796125,187611.71936771157,28026.343587185547,199455.86892002673,27124.977303281546,209950.42922205082,27893.844793963493,223060.0461934523,26007.684139549554,233984.70913628972
159,TUN,4414086.577300148,2042786.256941347,4986505.652940122,2183142.326632548,5765141.786550669,2349186.6165728346,6237018.609155931,2596714.207398797,6049056.761336777,2665666.8781106356,6140366.125921851,2698670.805718402,6213905.275816652,2722629.8661716087,6326816.577600604,2806249.0848439527,5944938.512426905,2852766.0839415966
160,TUR,35569795.7490147,18393595.804495312,38038741.56931922,19895743.0590545,51203655.62604985,20892231.471595686,60974184.14631172,25495032.903938174,62241784.13144643,25638560.46792989,69188714.0238969,25860336.553549998,66984428.722012945,26667212.23305346,65506095.15435277,28052510.742728345,66798535.36406055,29095983.308031574
161,TWN,60102475.82292158,11136077.665835489,66543999.15515675,11638194.728179978,67646497.44155484,12256369.099544166,87111750.25099544,13051962.144650426,87890388.37991092,13172909.353592245,87540976.07697138,13269253.548680907,86534638.85130537,13365691.361510968,83433752.83529826,13435329.693579786,80052757.04152845,13527673.958181757
162,TZA,2670670.4300861643,3752763.968400484,3531142.880364082,4719707.502668272,3709460.398489609,5937290.071912665,5089015.148156683,7505811.880191418,5060228.357140154,7852155.923585327,5183734.303357751,8228103.938487699,5441442.170467336,8612237.809254559,5580438.82584491,9025246.172744911,5463757.415728892,9453795.680568753
163,UGA,965273.1025139245,1577641.0252975633,1185699.4134219757,1900633.3245220426,1282649.5503787987,2288730.2221771,1619217.0897009857,2793850.1797119915,1709131.0674917584,2919118.3348529204,1910171.1570773362,3032836.0287551107,2074342.6578926372,3145717.419597077,2509363.0474051507,3292863.7974837446,2490176.014281606,3420666.9432869647
164,UKR,67414986.26482128,11286847.803062033,68345270.96790163,11079815.541230233,68116240.2095378,10771368.169636,46828518.629680954,10986303.364970507,44211693.45412073,10995165.155030837,40699664.06963932,10757929.48132359,44420311.593990736,10913977.378577359,40976496.37530451,10926160.049712282,38872238.31655801,10846989.047494378
165,URY,1708918.684696094,1367824.274912712,2065888.1823248877,1378377.7646594488,4234538.526907912,1389053.6827720357,5940856.335337404,1399143.7150986467,5918333.560933723,1402168.1556873557,5718486.065605439,1404032.9672526303,5922887.506782519,1406893.6273516044,5963550.35459201,1409679.448109659,6017933.425581319,1412524.6053892644
166,USA,1085027878.8194158,127728185.0668731,1057961848.755969,133723898.86223629,981447989.1664045,140992177.97297192,968989069.094933,148411106.25762054,960345506.2281442,150017687.23227024,954449224.7460383,151639098.89911568,1012830393.819492,153307986.93004107,1010723973.6293534,155015867.34038725,929811665.8285135,156831190.5136269
167,UZB,27159500.946901172,2528314.8514610683,26142149.53395837,2513172.0618951363,27482036.53544898,2642710.6278575007,22691539.410780955,3139719.9388207817,23808828.723822244,3842211.5550571703,24813402.78533661,3936210.064472925,25313428.674467996,3585347.0842799786,26413505.09986288,3920625.9889902063,26017346.594352297,3768453.757936079
168,VAT,4980115.763172305,586.5389459133148,5632904.694568695,605.223433971405,4789383.910412363,612.4304661750793,4096517.563738581,620.1342856884003,4072414.20164977,625.3613379001617,4053780.72529891,625.3128762245178,4065682.6559645985,630.7050149440765,4006714.225420156,633.4628472328186,3610639.017917077,635.1771292686462
169,VEN,21578641.624976166,4513403.818703502,24093574.728212994,5005568.099402188,25322982.191875394,5546721.805404545,22630543.05946605,6733543.992199221,21111521.320411127,7002021.942374023,20284359.028337482,7330591.597842874,18904348.41372594,7016240.619036984,15891737.476572132,7375413.271075798,13797029.959684582,7412169.525362411
170,VNM,18472059.669475943,12489303.83472254,23227131.735432066,14404987.759816656,28501632.75911524,16448893.580237938,38525594.43126883,19162431.819587458,31976990.276070375,19715174.362187922,33733687.62214226,20302275.302419372,38282485.705169566,20782606.079247184,42498401.42590386,21349861.58980412,41465121.21396549,22020088.05991961
171,YEM,593843.9433047544,1443578.0436035967,817893.9270659388,1704064.9897561967,981625.6817948824,1974043.5700095776,684724.670543121,2362968.372005927,606663.7831362508,2384599.5333844624,596773.6888333175,2432844.068747917,595018.7185250776,2489355.005176165,645127.4663118012,2560752.502384021,609767.5834118442,2647688.0231313496
172,ZAF,54383822.67675197,13820514.050094618,67572225.88677584,15558050.034149222,62429055.19507814,17478702.19381755,64422636.99725082,19601310.63037007,63415474.631283976,20081602.209527716,66294182.17356576,20561647.636179686,66092062.215089075,21049238.08345022,65826526.94991361,21547575.537772935,59512962.444856286,22080240.710069552
173,ZMB,1420792.6404407313,1217665.4362056528,1607282.1384070613,1477592.1711948807,1715486.287246672,1848803.2753033165,2225392.80198109,2463788.3337888336,2333748.7963861832,2586369.1421632953,2580149.8087779996,2718381.5124816783,2769094.8743257415,2816740.194888024,2709890.9921700447,3001299.4715401246,2675071.6401130673,3107593.806670256
174,ZWE,2773101.5259681866,1421238.845710924,2416239.4048870956,1501299.100952648,1704147.2111795947,1563989.6619855294,1939827.8273359144,1710269.3477857097,1818894.9073079852,1713681.846829465,1789740.2546805076,1731453.5502798995,2008829.2811144707,1733754.5277779242,1945136.7216778423,1771482.710206863,1883100.6459067021,1753486.357575059
