geo,urban_built_area_2000,urban_population_2000,urban_built_area_2005,urban_population_2005,changerate_landconsumptionperperson_2000-2005,urban_built_area_2010,urban_population_2010,changerate_landconsumptionperperson_2005-2010,urban_built_area_2015,urban_population_2015,changerate_landconsumptionperperson_2010-2015,urban_built_area_2020,urban_population_2020,changerate_landconsumptionperperson_2015-2020
global,86855347118,1989172744,98065577949,2248691896,-0.000247492,1.11951E+11,2510204229,0.004481246,1.25819E+11,2755511533,0.004709539,1.35924E+11,2985964379,-0.000613113
AFG,84221597.77,3869256.922,94322976.5,4777468.961,-0.019515,111958510.3,5723072.191,-0.001838262,130070818.3,6832927.365,-0.005459346,142564288.4,8425116.408,-0.023550024
AGO,475484937.1,9563508.067,497471805.8,11039050.05,-0.01965614,512675746.5,14271898.55,-0.045349758,535555229.2,19722622.48,-0.055962682,618483923.2,26027327.16,-0.026682705
ALB,17058818.13,497038.3328,22178302.29,622546.9673,0.00745905,28122861.23,753263.7495,0.009374404,32827264.49,893409.256,-0.003190549,35603813.55,1035787.749,-0.013335881
ARE,200272979,2228978.413,216052235.5,2954874.967,-0.041214818,234222747.5,5148886.456,-0.094914353,255559417.9,5678233.455,-0.002135468,307795117.5,6287206.595,0.016820545
ARG,1200318315,21562746.59,1290414357,23074562.52,0.00092258,1378148391,24541627.34,0.00082751,1464033140,25830860.08,0.001851009,1524018330,26747623.2,0.001055944
ARM,62193960.32,1478921.318,66542803.28,1448220.148,0.017713034,70348019.91,1410959.132,0.016334969,73229151.99,1400391.498,0.009531365,75201770.99,1312607.514,0.01826348
AUS,1471647483,10577363.4,1560207255,11488566.61,-0.004839997,1639642865,12751847.48,-0.010932809,1728889631,14131709.97,-0.009948825,1883257691,15971386.37,-0.007370768
AUT,133171669.6,2421217.973,139911574.4,2553651.652,-0.000776416,146753895.9,2680022.655,-0.0001109,152991838.5,2844497.733,-0.003586738,158284565.2,3078153.989,-0.008986735
AZE,117427471.5,2328908.576,155967138.1,2572861.642,0.036841086,178128049.3,2802662.092,0.009461277,199332296.8,2970223.531,0.010880619,218118643.8,3125718.371,0.007807793
BDI,23407784.16,343397.3074,25936796.26,488587.9559,-0.050007472,28429537.53,676332.5593,-0.046679881,30828974.4,886855.7097,-0.037994215,32109054.55,1081814.834,-0.031605985
BEL,420844027.8,5431631.45,468806732.5,5795936.116,0.00860217,515635260,6134206.152,0.007697077,597152498.9,6762405.427,0.009854976,649664768.2,7198454.966,0.004359242
BEN,95680421.59,1663048.983,113150341.5,1963434.803,0.000332192,139862836.5,2345718.726,0.006809671,165739159.7,2780999.735,-9.31E-05,172082838.8,3313405.169,-0.027521035
BFA,107643212.8,1366170.944,127600734,1926059.958,-0.03467612,148850975.6,2502458.836,-0.021551564,167692130.5,3130914.583,-0.020973456,177790692.5,4010718.291,-0.037833592
BGD,257278091.6,23566354.48,284961177.3,26918186.12,-0.00615734,314635598.2,29964828.27,-0.001631999,341104077.1,33222287.09,-0.004484828,345922395.3,35882921.99,-0.012602741
BGR,71164958.12,2029121.446,76856229.11,2065778.243,0.011806374,82224387.85,2102261.316,0.010001774,88361409.84,2137087.498,0.01111061,92273550.92,2158878.681,0.006635435
BHR,46218232.7,541426.7108,47739477.14,685521.5853,-0.040717595,49457682.91,925659.6979,-0.052993588,52338833.93,1036924.825,-0.011377368,69825355.22,1404826.33,-0.003079134
BHS,13146640.34,186454.6977,14258763.79,199619.8593,0.002595786,15793686.76,216332.2226,0.004367626,17846504.71,240752.0149,0.003049052,18495553.39,256117.9896,-0.005229629
BIH,15957345.78,523072.1129,18959690.56,530255.5269,0.031751245,22680091.3,520082.1869,0.039708899,26277821.89,498707.6038,0.037840939,28958526.93,439482.9184,0.0447121
BLR,163578528.4,4518885.539,179452095.7,4636881.784,0.013367683,201640287.3,4833696.313,0.015001542,222741135,5062229.97,0.010665856,233934551.5,5287996.645,0.001079748
BOL,206901227.5,3987591.45,226879615,4512936.621,-0.006316529,249068904,5023300.519,-0.002765816,268987353.8,5554503.65,-0.004717418,284934746.5,6263917.153,-0.012520168
BRA,3483539340,74601678.77,3878104858,83314304.69,-0.000631896,4237714337,90627030.2,0.00090904,4548156776,96762178.12,0.001038863,4749407549,101117542,-0.000145918
BWA,35048030.89,173777.8524,38399620.26,221527.394,-0.030288069,41850470.55,254682.6017,-0.010683269,44676883.65,287862.3881,-0.011422259,48117774.31,336698.9573,-0.016502254
CAF,31061842.83,781353.4579,32153080.38,875813.297,-0.015919441,33614407.71,986648.6613,-0.014942911,35324284.48,1070628.465,-0.00641424,38639418.13,1184859.239,-0.002335176
CAN,1891567202,18675478.15,2012215683,20474301.48,-0.006025685,2174701655,22289145.9,-0.001454855,2304348976,23586799.99,0.000263861,2388051988,25052670.76,-0.004922687
CHE,407715809.3,6684808.952,453955781.7,7200209.445,0.006631385,558304095.2,8331469.513,0.012194851,595463855.6,8833357.188,0.001188322,615243489,9123514.067,7.15E-05
CHL,270705819.4,8400498.137,325537061.7,9365797.584,0.015134026,384138661.1,10202773.9,0.015986427,426933942.6,10764757.73,0.010401545,440244348.9,11523449.47,-0.007481161
CHN,10022537800,343518043.7,12920059315,406094863.8,0.017319521,17307382579,467699622.2,0.030222518,21877151809,524058450.1,0.024106536,25380582220,576954296.4,0.010476355
CIV,178167103.6,4751405.18,191780470,5436108.464,-0.012198722,208005962,6127347.27,-0.00769661,226289479,6876591.973,-0.00622259,250579727.4,8017119.035,-0.010298775
CMR,242386052.8,5849531.808,266393403.5,7194975.301,-0.022515764,297723848.9,8861263.313,-0.019422847,328380193.9,10801108.37,-0.019990745,353579771.2,13003119.94,-0.022320702
COD,454704970.5,14917134.68,479945327,17042385.01,-0.015833909,512081453.5,19847279.6,-0.017510393,550335329.4,23728111.02,-0.021309887,643497174.2,29214384.37,-0.010322177
COG,228543668.3,7365725.817,234445316.1,7796109.504,-0.006258433,241065180.2,8647336.595,-0.01515631,249347387.8,10567967.22,-0.03335928,282469517.3,13625815.06,-0.025883022
COL,420761134.8,19254694.79,452823777.4,21531210.92,-0.007662179,491133724.7,23691633.5,-0.002881002,519624825.3,25693933.43,-0.004948465,546472634.5,27889401.35,-0.006322931
CPV,4444829.314,13809.86073,4460288.635,14684.75898,-0.011591051,4486901.553,15278.58852,-0.00673867,4515066.416,15507.475,-0.00172245,4528617.427,15617.2669,-0.000811639
CRI,89919564.11,1630518.375,93091258.64,1742462.277,-0.006347296,96329020.65,1839945.049,-0.00404943,99537331.86,1954457.628,-0.005522776,103100814.7,2113997.473,-0.008658688
CUB,101104652,3657380.381,103286735.1,3718165.37,0.00097392,106185152.1,3769242.305,0.002806339,110263188.8,3829791.865,0.004349878,117532757.6,3912471.088,0.008497648
CUW,9092898.325,80874.51963,13076582.5,107539.4895,0.015674004,16923972.87,125155.5827,0.021241719,20930260.69,136856.6508,0.024617691,26876774.44,165008.4567,0.012600765
CYP,35840499.07,410233.8543,38370312.37,443256.7074,-0.001843234,42034127.05,484633.2485,0.000390891,44419545.4,515782.3111,-0.001418927,45761498.04,552336.069,-0.007741677
CZE,103297350.1,1955993.798,110896148.5,2021542.58,0.007603994,117805803.7,2094743.984,0.004974581,125048991.1,2154196.606,0.006336309,133402605.6,2258795.944,0.003450404
DEU,1740024545,29012530.07,1839831202,29582949.87,0.007260848,1969137755,30570202.86,0.007018867,2069621900,31480947.51,0.004082685,2147760485,33163097.89,-0.002999099
DJI,8984793.325,423300.8702,9723352.035,458998.5889,-0.000393406,10546256.75,496012.458,0.000737332,11454522.56,537554.8888,0.000436764,11647276.61,657880.5923,-0.037060964
DNK,111102897.4,1558984.911,116609451.5,1643089.702,-0.000833994,120738289.5,1728264.871,-0.003148906,125191619.6,1836256.584,-0.004878176,128903775.8,1953371.263,-0.006521403
DOM,124832054.5,3994289.446,132088765.5,4494857.747,-0.012312685,142595438.1,4978489.21,-0.00513102,153282160,5373874.407,-0.000830755,193564839.1,6144487.001,0.019865204
DZA,279230697.4,8607749.092,328451954.8,9751661.107,0.007515495,375165800.1,10896956.49,0.00438632,424300918.1,12198201.24,0.002053976,457295480.7,13502856.83,-0.005345189
ECU,224120462.4,5465706.236,250694869.5,6210753.198,-0.003147196,280749291.5,6888823.385,0.001921481,304493625.5,7509234.36,-0.001009026,321846706.4,8275986.923,-0.008359891
EGY,429174539.7,26525742.37,512213777.3,30739940.11,0.005886253,588010943,34800272.02,0.002788215,669523469.9,39353900.56,0.001370154,853275932.8,46254190.38,0.016191958
ERI,9999417.729,574220.5205,10546638.75,625700.0741,-0.006515459,11481631.57,641619.3755,0.011963437,12212511.42,636661.0678,0.013894053,12336345,493169.4585,0.053094685
ESH,5116625.31,755.4732716,5357649.463,891.6117539,-0.023931228,5580853.165,1097.145128,-0.033323929,5776497.125,1304.399689,-0.027715131,5900868.945,1241.789655,0.014098294
ESP,519434362.6,16356796.98,579843452.7,17624333.51,0.00707614,657262810.6,19265744.01,0.007255546,717684114,20472049.41,0.00544273,736922207,21769579.71,-0.007000049
EST,16125112.72,365000.1849,16874808.54,364443.0501,0.00939432,17688883.94,366526.2053,0.008282961,18780495.55,394868.4374,-0.002920035,21188369.82,446046.2176,-0.000247271
ETH,119787437.5,4856830.168,139807284.1,5772758.452,-0.003643585,162831662.9,6957821.41,-0.006852877,185467990.4,8308138.563,-0.009440758,211802567.9,10101743.77,-0.012540045
FIN,52180835.18,1112730.427,58722673.37,1185902.085,0.010884745,66557519.56,1284556.402,0.009066182,73621165.21,1390188.647,0.004368003,82671729.78,1488342.978,0.009544239
FJI,17556357.35,167962.05,18107371.67,183041.4699,-0.011014335,19668904.09,205220.0002,-0.00633001,20112884.54,212526.1273,-0.002532128,23348298.39,241278.6119,0.004455215
FRA,1525854418,23543089.5,1660826284,24711273.4,0.0072667,1885623169,27047496.46,0.007321645,2016357504,27967607.6,0.006716357,2098054724,28163579.13,0.006547054
GAB,47823768.67,533314.4911,51359791.95,597142.9244,-0.008342472,56817627.65,684520.8944,-0.007114333,61739091.03,775712.8882,-0.008398524,66853547.08,973766.8502,-0.029560475
GBR,1960445980,30898546.85,2059456653,32685030.47,-0.001387567,2143691863,34630145.6,-0.00354401,2214221322,36449363.43,-0.00376563,2262559551,37992186.87,-0.003972123
GEO,50783647.47,1372212.327,54136582.16,1362238.549,0.014246137,56877769.38,1394383.91,0.005214216,59524358.73,1420530.792,0.005380626,62727633.29,1358573.849,0.019402309
GHA,475789801.6,6644904.006,546111321.4,8427116.86,-0.019951556,629347572,10344891.06,-0.012635447,708177064.6,12326363.08,-0.011447411,752415969.3,14863553.17,-0.025315329
GIN,99292430.56,1940298.663,106668364.2,2235797.131,-0.014020126,115035731.2,2590310.566,-0.014332358,124464981.6,3041928.115,-0.016386433,128951534.9,3391736.137,-0.014687626
GLP,4872655.894,70067.21574,5740952.302,68180.38987,0.038256796,14090766.32,116809.2365,0.071901889,15799212.2,119944.8675,0.017590063,16311865.23,121671.5779,0.003527892
GMB,851587.2,39553.11594,867903.3294,38103.73244,0.011262134,887783.6627,35746.06787,0.017303944,905275.098,34038.14886,0.013693827,921953.4235,35730.03878,-0.006050801
GNB,12155740.77,268612.3697,13778307.99,331159.0647,-0.016807112,16464374.52,405060.7782,-0.00466697,18736099.26,488170.7241,-0.011474977,19292637.25,564602.4484,-0.023237047
GNQ,7761418.231,228994.4387,10002350.04,309896.1623,-0.009776915,16706385.85,469132.0702,0.019664783,23702915.98,635912.5724,0.009126057,25826990.69,1285991.775,-0.12368048
GRC,177916375.9,4898820.329,198444297.6,4994605.367,0.017966165,208834145.8,4994260.918,0.01022018,216769254.8,4954019.075,0.009076665,219348791.5,4801359.93,0.008625931
GTM,107122288.1,2357817.04,110380432.5,2698094.976,-0.020969587,113081020.9,2937210.931,-0.012148565,116271929.1,3074735.441,-0.003586258,135287124.4,3357421.097,0.012702683
GUF,4460124.082,58833.34223,6057415.878,75570.65688,0.011149473,6717216.749,83069.32062,0.001756646,7264922.537,90069.34204,-0.000504131,7565627.929,93894.37564,-0.000206586
GUM,772218.1843,9919.438859,778909.9608,10098.4877,-0.001852201,1545750.196,20297.14491,-0.002545074,1661589.788,22403.47461,-0.005294068,1663270.627,21694.70181,0.006631813
GUY,11125953.97,203489.651,11652832.12,204206.7044,0.008550217,13726496.7,219888.9846,0.017957743,14463704.79,217461.6678,0.012682914,15203344.34,218693.1545,0.0088452
HKG,817685602.6,26705012.95,1062187881,35403383.22,-0.004069581,1323790483,41317262.63,0.013139075,1547331350,46898128.38,0.005867033,1664958881,50177626.43,0.001135444
HND,59437969.91,1568878.129,63162205.88,1785467.523,-0.013709327,67058912.35,2002940.086,-0.011014088,71331592.46,2219609.475,-0.008189465,87449090.42,3075081.516,-0.024456533
HRV,44138330.19,1081740.425,47778679.39,1096607.17,0.013120232,51546940.86,1114084.904,0.012020206,54282536.65,1111671.13,0.01077573,58115880.04,1101452.651,0.015494178
HTI,57260294.91,2393646.537,62091872.39,2757628.57,-0.012109099,68963417.45,2630855.766,0.0304046,77302105.39,2696580.37,0.01789395,92983779.33,2823705.4,0.027727663
HUN,170094094,2899795.478,180066812.2,2886577.68,0.012308957,195995977.3,2935475.476,0.013593668,218623471.6,3060091.327,0.013536298,225424690.7,3073082.63,0.005279757
IDN,2248122897,70454543.9,2459413445,80018449.9,-0.007492443,2689811023,89601125.91,-0.00471252,2897179140,98165529.26,-0.003404126,2946098886,103890588.6,-0.007987771
IND,4175001875,240557410.5,4806221658,272432492.5,0.003272875,5536852066,300816907.6,0.008480783,6245537887,325753197.2,0.008160584,6655514680,343745025.6,0.001963674
IRL,67103818.3,1044883.997,71218907.69,1133317.96,-0.004345263,78214833.51,1256707.063,-0.001928861,82027899.04,1304678.477,0.002027666,84804705.14,1378434.767,-0.004340078
IRN,924302300.7,25472785.73,1051639669,28614559.68,0.002552324,1166426126,31278252.23,0.002917315,1278754228,34058087.04,0.001359479,1345057354,36676972.24,-0.004706256
IRQ,340742600.4,10519356.24,399521166.4,12672863.97,-0.005421322,462511476.6,14283503.67,0.005352471,528721425.3,17693848.67,-0.01606429,578006809.7,20153511.17,-0.008207503
ISL,8756573.757,133665.5756,9482773.173,144867.5158,-0.000161313,11139207.3,172297.5662,-0.002481821,11778868.34,177607.3192,0.005096802,11809345.08,198165.7357,-0.021388924
ISR,126349910.1,3374836.808,150964068.9,4015759.775,0.000821428,162837289.9,4357714.444,-0.001202304,175499317.1,4838333.662,-0.005947799,182703835.7,5342833.076,-0.011790874
ITA,1116597329,20061994.83,1216313945,20886373.92,0.009053841,1321139868,21863805.21,0.007386883,1397854338,22584216.01,0.004804966,1472835732,23294737.2,0.004254992
JAM,39872486.51,858053.5029,41479038.05,886532.2462,0.001370125,42564507.42,897894.6229,0.002619468,44079888.68,904544.3166,0.005520862,46981997.27,915454.1927,0.010354365
JOR,95223144.24,2801189.651,109722129.1,3254088.694,-0.001628003,123861566.1,4057571.291,-0.019891771,137106180.4,5423524.869,-0.037714047,147999269.7,6910260.297,-0.033161937
JPN,5346538181,88541282.66,5778913178,91171753.04,0.009698028,6219060027,93242859.48,0.010188157,6845355319,95633165.29,0.014127879,7181856601,95461212.75,0.009957445
KAZ,575836984.5,8651126.271,667273890.9,9572124.397,0.009242067,758254009.2,10617754.35,0.004829094,925326138.5,13004371.48,-0.000726041,993723475.6,14463867.18,-0.007011067
KEN,155866253.7,4133767.765,175742083.5,5148795.1,-0.01991085,207047416.6,6423779.7,-0.011462722,233944995.5,7774898.515,-0.013751106,276835430,9454161.005,-0.005443474
KGZ,80206031.19,1379337.15,90834851.75,1486460.235,0.009929955,101968789.3,1593719.559,0.009190144,119378504,1785960.215,0.008749359,124796872.7,1955846.181,-0.009295695
KHM,29970042.95,1182255.558,46861011.3,1608485.195,0.027823788,70858360.88,2076607.926,0.031610812,93376115.87,2500897.693,0.018007728,102837352.8,2822706.441,-0.004906673
KOR,733157017.9,32635866.17,850170230.4,34562085.21,0.018146261,976511737.2,35992539.23,0.019599155,1141390439,38184754.9,0.019378207,1222969109,39318363.9,0.007955812
KWT,113923255.5,1573540.795,114446880.9,1846041.649,-0.031025913,114962335.2,2413005.242,-0.0526671,118036233.3,3184060.902,-0.05017947,139901297.4,3870206.982,-0.005041016
LAO,21333578.9,322466.2664,25794595.46,386166.7946,0.001922366,31619581.48,393746.5565,0.036834709,37423899.08,376008.9413,0.042925488,40007095.2,345491.967,0.030278167
LBN,47028071.24,2055227.582,51907015.65,2270984.145,-0.000223484,57471512.46,2424599.655,0.007276459,64867417.36,2847580.503,-0.007949441,68592188.93,2634569.88,0.026716592
LBR,48343958.14,893006.5128,52370372.31,1295859.434,-0.058467154,57820500.89,1212921.118,0.033028983,63523873.85,1466916.414,-0.019211704,66683595.99,1741394.529,-0.024596108
LBY,209276861,2377041.217,246664297.2,2806410.204,-0.000335882,277552542.4,3129841.236,0.001781169,311023181.8,3120495.836,0.023369512,380887600.9,3509241.674,0.017045763
LKA,134866826.7,3080989.808,150213235.8,3383725.02,0.002808353,162877987.3,3609068.684,0.003294588,176481795,3824720.825,0.004436126,198657589.6,4253787.361,0.002408142
LSO,23596255.9,246962.7019,26563788.09,260255.8082,0.013206637,29603078.38,275179.6172,0.010514081,32162641.26,290454.8702,0.005780608,33341162.76,302899.2064,-0.001192941
LTU,55141476.96,1161665.322,60616502.67,1106370.25,0.028686995,67142334.62,1069543.141,0.027220122,73575416.28,1059222.249,0.020238573,79022854.95,1043818.958,0.017215002
LVA,25376583.01,680581.8232,26445384.99,641539.4335,0.020066449,28137035.81,608607.5138,0.022940423,29399753.85,585191.3041,0.016626873,30775434.65,569421.218,0.014609773
MAC,18870046.93,989903.2474,29266456.94,1337371.159,0.027602453,35090561.31,1513624.149,0.011537826,40457678.15,1704220.505,0.004744662,46073919.06,1964272.798,-0.002404735
MAR,161856085.1,9096695.915,176218208.5,10116712.48,-0.004252405,197097215.2,11471717.29,-0.002744369,212983580.4,12497337.31,-0.001622595,262243491.5,13901614.85,0.02031379
MDA,37591094.9,926061.4756,40963633.22,884518.9642,0.026362832,42880845.25,804802.9149,0.028037417,44993057.91,715029.8488,0.033271223,45994188.96,630957.2481,0.029418607
MDG,72314918.27,1230355.194,77605400.66,1443756.674,-0.017867808,83242625.66,1901512.54,-0.04105572,88301105.88,2465234.157,-0.040128813,89366459.44,3184517.215,-0.048804219
MEX,2692287115,52105379.22,2968847760,59060807.65,-0.005503301,3313915540,64586811.73,0.004102766,3732340071,69848721.23,0.008116686,4029128539,70483384.56,0.013493897
MKD,19556962.59,412761.3022,22419799.82,465219.1985,0.00339478,24219598.61,482026.8708,0.008345301,25702887.42,498669.0289,0.005099685,27412841.48,514008.8587,0.006822068
MLI,116564992.4,1792025.68,127237311.5,2332237.413,-0.035175296,155336221.6,3232500.327,-0.025377972,171537275.6,3911701.741,-0.018301584,187200940.8,4798774.56,-0.023401216
MLT,16669430.1,282037.5446,16975612.19,285223.7942,0.001393462,17760142.19,296265.6805,0.0014393,18337978.79,318782.7826,-0.008247162,19240667.99,361501.3926,-0.015540809
MMR,148673128.3,6569492.262,160460395.5,7433359.281,-0.009448861,175851557,8312931.402,-0.004048273,188970308.2,9134197.037,-0.004452659,195114581.1,9579294.447,-0.003116315
MNE,5157130.282,124921.2609,5719164.051,132355.3442,0.009127138,6268081.243,143115.6832,0.002696933,6857763.922,153825.3969,0.003549249,7444716.949,164021.332,0.003588979
MNG,42023787.05,656779.8593,48719034.88,831091.7196,-0.017511454,54848441.96,1027799.386,-0.01878623,60092037.89,1240229.323,-0.019314546,61643994.01,1495414.068,-0.032321677
MOZ,181537079.2,3194730.985,213278014.7,3715844.044,0.002006731,257146713.1,4607335.212,-0.00559871,295171813.1,5682052.16,-0.014350401,319400424.5,6683207.651,-0.016679527
MRT,24986539.24,529373.51,31068556.73,698088.7964,-0.011758608,39129776.61,888586.2759,-0.002119596,47926280.82,1099187.48,-0.0019829,53175135.57,1326579.761,-0.016821175
MUS,23016741.51,506099.0595,24899675.42,521984.0539,0.009545661,27019139.67,533983.4335,0.01179259,30215881.73,560684.3292,0.012605788,30896243.78,564883.8611,0.002960969
MWI,64219481.8,999125.1131,70111165.59,1195024.004,-0.01825322,76335988.81,1417446.2,-0.017125618,84313403.78,1686826.904,-0.014919208,93033341.5,2057145.624,-0.020010625
MYS,585569842.7,10391868.82,636242180.2,12248710.57,-0.01628064,710397756.4,14515171.22,-0.011905593,779567548.6,16500177.35,-0.007052486,836215141.5,18586438.11,-0.009782893
NAM,21632719.46,222596.641,23095533.84,263237.5087,-0.02045261,24716174.6,306868.9694,-0.017109107,26319519.43,355928.475,-0.017091195,27977533.1,378374.0378,-1.25E-05
NCL,5411731.455,76089.03694,8037655.576,107912.7946,0.009229821,9271535.384,120727.9997,0.006118983,10288914.65,131419.8861,0.003852143,10366918.11,144394.321,-0.017319549
NER,44190057.56,1422456.832,57054383.39,1919712.49,-0.008856961,66843288.2,2368895.233,-0.010380456,76770500.19,2806602.551,-0.006216288,89596797.72,3214679.597,0.003749225
NGA,1507109397,33556542.94,1834813468,41093743.23,-0.00117494,2259343584,48962964.48,0.006584638,2714364848,57281680.31,0.005313398,2894223281,65332936.1,-0.013471328
NIC,49803039.78,1357992.596,57028192.4,1533211.301,0.002822576,62660828.99,1676227.337,0.001001911,68133173.8,1759297.114,0.007071797,71652185.02,1871306.284,-0.00227259
NLD,470319530.5,6897118.042,553847658.3,7688846.342,0.010962049,597552821.5,8026082.199,0.006605452,648820658.2,8442073.126,0.006356453,677471466.4,8846308.415,-0.000712248
NOR,44946577.89,908829.3711,50158770.97,1008375.124,0.001156121,55598991.9,1140479.011,-0.004027287,63730561.52,1304019.287,0.000499251,69119488.25,1407594.068,0.000948368
NPL,63526723.67,1739671.96,76728863.6,2415447.439,-0.027874137,92965048.06,3195532.05,-0.017584683,108896068.6,3948278.625,-0.010671152,114347374.3,4412764.574,-0.012474931
NZL,285197442.9,1705482.169,296309094.5,1896691.034,-0.013608303,305233340.8,2010621.214,-0.005731908,315167971.2,2158177.374,-0.007758224,347976578.2,2519124.523,-0.011123588
OMN,47672110.58,509139.2137,49391213.96,567398.2451,-0.014582787,52250647.72,1215705.731,-0.141147775,55313966.89,1176764.781,0.01790579,60937587.87,1119832.215,0.029282969
PAK,792174187.3,45546776.69,888997582.7,52944181.48,-0.007037021,995964935.2,60292671.91,-0.003270971,1111354841,67029380.87,0.00074052,1210262505,74510314.21,-0.004109817
PAN,66937340.96,1162966.548,70705770.85,1305034.618,-0.012097047,76429019.64,1480444.698,-0.009655536,83392142.5,1675053.983,-0.00726225,99016767.54,2045008.314,-0.005564269
PER,410152760.6,11658728.63,439124153.2,13042689.24,-0.008784024,466787429.3,14356051.07,-0.006970395,492168655.9,15633436.96,-0.0064586,517684769.2,16988293.4,-0.006513484
PHL,549771199.4,22622562.39,582754653.2,25136794.03,-0.009424171,618898323.8,27918138.54,-0.008953839,658011030.4,30307471.79,-0.004167395,672105674.3,33102826.51,-0.013406102
PNG,11336009.47,290081.3757,12316757.63,332403.8065,-0.010642524,12659327.82,364692.0599,-0.013053847,12966421.93,396006.0788,-0.011681494,13009200.87,478540.415,-0.037203466
POL,436003761.6,10535014.51,485801917.8,10708043.66,0.018371863,546343484.1,10963948.79,0.01876592,609097008.9,11168124,0.018055707,680628934.1,11495516.84,0.016429251
PRI,108726414.7,1284011.458,123951698,1381294.121,0.011605097,128552634.3,1352007.464,0.01157536,141178946.3,1353027.116,0.018587178,146605203.3,1227116.153,0.027078528
PRK,88516079.22,7201727.011,107085821.7,7964650.869,0.017950823,116657904.7,8183368.355,0.011704888,127341972.1,8352332.031,0.013438692,145447690.1,8610414.898,0.020501724
PRT,134866438.7,2895713.708,150863069.9,3080594.474,0.010039336,172165560.4,3261769.974,0.014987315,186769418.8,3342346.56,0.011403018,202358469.1,3503868.161,0.0065943
PRY,140262726.6,2009334.203,153631969,2273282.416,-0.006475743,165694727.8,2419381.183,0.002660033,176310899.8,2435770.78,0.011070071,184737199.5,2255490.741,0.024716207
PSE,80250566.99,2380194.55,90472730.22,2741933.189,-0.004317266,105556640.8,3298149.502,-0.006099827,114242376.5,3736697.311,-0.009153196,119788250.6,4157737.577,-0.011873124
QAT,76359914.09,449946.6472,82481857.97,639982.7871,-0.055038355,90791529.87,1260245.746,-0.116326621,100873974.7,1701119.014,-0.038934715,118934747.8,2084395.761,-0.007697938
REU,5355722.765,110503.2304,8019766.914,142599.8539,0.029749193,10280355.62,155034.0228,0.032944677,12910564.02,168490.8824,0.028914799,15234890.18,207544.1083,-0.008583987
ROU,205901250.1,5904630.485,225902470.1,5793634.451,0.022336747,260563447,5828276.59,0.027356299,290978263.4,5833145.674,0.02191342,312445693.9,5913095.135,0.011513824
RUS,2169717147,60451255.53,2352512195,60974046.65,0.0144552,2574628588,62018081.89,0.014648767,2852648704,64347424.36,0.013134345,3081856325,66713889.58,0.008233585
RWA,54982318.49,1494931.698,63678881.22,1922411.908,-0.020931752,72755204.68,2297667.472,-0.009013279,84174340.76,2710745.633,-0.003907917,93343032.04,3145779.666,-0.009089387
SAU,736198387.2,12591669.99,787212572.9,14734274.8,-0.018028446,859911923.1,18187784.17,-0.024448424,936226050.2,20770988.93,-0.009556019,1130787489,24070053.93,0.008280273
SDN,330135682.1,7057668.297,342652323.9,8031329.03,-0.018404544,359969472.6,9195865.965,-0.017220216,383182355.6,10269622.5,-0.009588893,436827702.4,11504717.04,0.003492196
SEN,119383219.2,3747598.836,130245601.3,4332874.232,-0.011606506,145587207.1,5022803.607,-0.007280758,160951094.7,5734526.085,-0.006438311,179310728.1,6364819.551,0.000747777
SGP,143621577.4,4742545.798,148657061.1,5222350.445,-0.012382671,155526263.6,6216132.94,-0.025805571,163643410.5,6869224.772,-0.009805628,171347727.8,7287285.44,-0.00261492
SLE,30507059.87,1046661.635,38594059.32,1349851.853,-0.003849782,49294531.02,1652097.159,0.008532829,60099162.56,1944458.995,0.007048893,62848994.28,2406986.816,-0.033730574
SLV,60097742.85,1908965.768,63247992.75,1958979.73,0.005045786,65867158.32,1950358.856,0.008997395,68652302.06,1958350.823,0.007465077,73638977.49,2021300.604,0.007696268
SOM,47850787.64,2585480.669,56101690.45,3115708.079,-0.005493327,64951485.59,3602748.648,0.000246808,73782054.69,4352304.678,-0.012306705,80258341.54,6484981.371,-0.062929654
SRB,55211880.42,1637735.533,61311179.76,1731316.586,0.009843283,69986040.43,1824922.973,0.015935593,79515166.03,1939036.597,0.0133997,83517351.93,2060462.748,-0.002326539
SSD,16444630.12,544742.1679,21147214.46,748730.8826,-0.013311563,28130618.59,995408.1552,0.000115435,35633386.17,1091026.093,0.028940671,41526670.44,901179.0067,0.068844572
SUR,21760085.82,206407.5002,24654639.19,236093.9352,-0.001897933,28071422.35,258137.8186,0.008104622,30623033.84,273975.7635,0.005490876,31666982.82,296575.6973,-0.009148144
SVK,30771276.6,615055.9307,31743882.23,599555.9394,0.011328454,32744121.91,584416.1531,0.01131988,33704108.75,576285.6239,0.008581239,34769002.18,573205.0692,0.007293274
SVN,28024760.44,531339.4957,28736360.89,530697.7974,0.005256652,29910666.92,539805.3226,0.00460722,31168720.77,547228.5125,0.005508394,31903906.86,556528.1981,0.001292411
SWE,123593286.4,2303040.505,132843344.2,2467638.823,0.00062856,141376126.3,2707749.503,-0.006120553,152867525.3,3008328.096,-0.005423766,162393157.5,3324895.615,-0.007921042
SYR,143584611.1,6059887.196,159498465.9,7366147.619,-0.018018771,173021878.8,9740185.701,-0.039596315,185722347.7,6974844.411,0.080956983,194186110.8,8345716.992,-0.026974844
TCD,57395451.49,1099832.928,62387644.03,1316668.897,-0.019308903,67344291.47,1541739.417,-0.016271078,72760951.58,1790639.622,-0.014460065,77762648.34,2077686.901,-0.016440107
TGO,78972776.39,1211142.548,90002883.6,1594255.851,-0.028820878,101797186.3,1835914.751,-0.003599006,111725807.9,2053278.478,-0.00376593,117204061,2343013.781,-0.016826293
THA,600352839.8,11739504.99,751130473.6,14592604.09,0.001301328,948778110.9,18004223.41,0.004700811,1101004608,20349589.06,0.005269802,1147778583,22918981.98,-0.015459878
TJK,67029905.1,1079628.79,79333801.86,1268638.494,0.001439684,88410970.45,1437537.61,-0.003331122,104464858.1,1752446.434,-0.00624529,107658738.6,1983009.431,-0.018697433
TKM,73328213.43,1215955.624,83708172.09,1364448.199,0.003434272,91186958.45,1507600.17,-0.002838744,99026513.41,1685056.794,-0.005760887,109362967.9,1875349.028,-0.001542163
TLS,7476051.333,140034.454,7789797.016,159026.0052,-0.017213841,8043272.478,205208.9744,-0.044587976,8245438.278,258142.3373,-0.040931639,8345596.851,315917.5819,-0.037979254
TUN,201114815.9,2960426.94,220610603.8,3278038.556,-0.001877708,240529080.9,3590136.263,-0.000900618,268270380,4132844.637,-0.006324287,278765380.1,4534251.113,-0.010863769
TUR,739773602.2,27831868.18,835853684.1,32473712.43,-0.006427966,938995615.3,37088636.68,-0.003304498,1042805798,40792844.88,0.001932674,1142975205,44293606.54,0.001877216
TWN,488552456.1,15342631.9,542267288.1,16363869.96,0.007974336,596227177.2,17070303.53,0.010519654,647262444.4,17749941.95,0.008617631,685770751.3,18414258.15,0.004209705
TZA,303586887.3,4823809.225,338683437.5,6180496.409,-0.027687336,392043647.9,7993589.061,-0.022186788,450223281.8,10239588.63,-0.021850226,487714402.4,12781436.39,-0.028349208
UGA,111250861.2,1987535.424,129028850.8,2563811.53,-0.021270254,149935969.7,3200682.505,-0.014339347,171373711.5,3933960.076,-0.014528843,179368794.5,4654691.815,-0.024526352
UKR,747792781.5,18218655.32,802733608,18142649.26,0.015015522,854462922.5,18138464.31,0.012536179,904010676.3,18136489.48,0.011295388,943598139.9,17956169.13,0.010570274
URY,97768657.19,1630952.84,103535566.7,1647288.401,0.009469002,107435408.3,1670046.554,0.004650732,111515712.9,1690925.337,0.004970255,116839207.2,1698637.894,0.008416483
USA,16740461214,135617422.7,18495942637,152986102.5,-0.004157291,20586975875,169477916.8,0.000946339,22463265744,184128301.3,0.000862507,23564249926,195976048.4,-0.002902051
UZB,646121050.3,8669930.636,743329167.8,9632021.896,0.006983946,837159617.6,10582106.79,0.004960882,912113584.2,11429102.97,0.001750263,968447302.3,12390547.42,-0.004168268
VAT,79300096.17,2245363.344,85169994.94,2335844.773,0.00638072,105487578.1,2629664.127,0.019092297,111093077.9,2704780.71,0.004722095,113934861.1,2786678.901,-0.000914237
VEN,522288334.9,13232421.68,570163516.3,14656541.72,-0.002902675,640865785.3,16597524.67,-0.001493988,692379308.9,17787151.56,0.001618216,719862884.2,16502226.06,0.022781581
VNM,430765710.6,14901941.61,582804229.6,18889629.19,0.013033089,801650030.2,23522437.92,0.019895818,1049466231,28494027.61,0.015525017,1118485914,31340935.7,-0.006307272
YEM,57705465.16,2926617.937,61141905.81,3584487.806,-0.028984504,64595707.56,4210911.636,-0.02122262,67652198.68,4898280.799,-0.020994646,71981211.38,5938188.329,-0.026098906
ZAF,1295685065,15185761.89,1398518038,18115067.76,-0.020002445,1495141599,20558247.8,-0.011942073,1592930126,22946463.58,-0.009309474,1735654850,26816275.77,-0.014007113
ZMB,196575873.3,2589306.585,209974101.8,3184391.451,-0.028187075,224493470.7,3928934.434,-0.028648925,237247922.8,4694974.564,-0.024573077,247777882.5,5658418.81,-0.028644954
ZWE,112941058.1,2399271.364,122141318.3,2582170.73,0.000969466,136203120,2774971.525,0.007391701,147882134.7,2871612.263,0.009607024,184677858.5,2913971.291,0.041510843
