,country,pop-averaged_exceedance_days_2010,pop-averaged_exceedance_days_2015,pop-averaged_exceedance_days_2020,pop-averaged_exceedance_days_2025
0,global,292.3494103,290.3213926,286.2812216,286.3020708
1,AFG,273.981929,261.7294963,265.5049086,278.7822138
2,AGO,292.970772,305.2573697,315.4008402,320.1710328
3,ALB,187.4643523,180.3647905,165.4096036,176.8002136
4,ARE,364.6560706,363.778634,364.4865169,364.5925033
5,ARG,123.4934479,118.3451248,122.3108163,119.281471
6,ARM,249.6025488,239.7665831,229.4518604,230.63038
7,AUS,96.85782324,91.52019676,79.05618514,73.88801355
8,AUT,223.2223096,213.5035862,178.1198493,175.6590941
9,AZE,225.7884941,194.9115343,183.1490844,178.223038
10,BDI,352.1568515,355.0044243,356.2998135,357.2301144
11,BEL,244.5012222,208.0254822,166.5977869,154.9191492
12,BEN,321.0640915,327.8824672,330.9178892,327.2745787
13,BFA,304.5499663,309.6917287,305.2572087,302.732409
14,BGD,350.906934,355.9522264,356.7038752,357.2243916
15,BGR,197.3001538,165.2460959,133.7501087,133.4172734
16,BHR,365,364.9491246,365.33104,365.2414875
17,BHS,90,77.12187686,88.00924752,98.39806407
18,BIH,110.9267562,97.74441531,84.56149017,89.52951525
19,BLR,87.96025036,75.00115713,64.10846395,68.65044771
20,BOL,54.23099408,36.64653279,44.63807458,37.11868299
21,BRA,164.5714525,166.7150068,164.0847763,158.7394863
22,BWA,110.4584443,83.14470291,77.55388845,87.54295654
23,CAF,261.4702007,259.9594838,274.5038272,280.9023494
24,CAN,172.2390739,167.3246819,146.4124365,151.6618402
25,CHE,273.1135157,257.7041446,217.7594566,206.2482237
26,CHL,264.800681,268.5716585,267.8394114,266.8115961
27,CHN,360.0423429,360.201341,360.2015492,359.9760476
28,CIV,302.0902738,310.1404668,318.7338545,320.5717493
29,CMR,268.2039662,275.0976508,286.5366784,294.2193691
30,COD,309.4359593,313.7378551,319.0818777,322.8414596
31,COG,348.1517904,348.0452744,351.9840301,354.6220814
32,COL,261.8634082,287.4511964,287.5577681,281.5396837
33,CPV,183,217.7353377,230.2679564,230.8924211
34,CRI,100,120.546735,126.3944246,118.2327307
35,CUB,131.0576371,128.5012911,130.884722,125.7742354
36,CUW,177,195.569126,186.2519799,173.690892
37,CYP,237.0188949,212.2246157,219.8104938,239.8127854
38,CZE,251.5795771,237.4608042,212.794994,212.4786236
39,DEU,185.6213748,161.1013186,130.0021953,128.5692863
40,DJI,298.858374,291.1416658,270.7184593,269.7620504
41,DNK,47.78046179,41.51439187,30.95371841,39.96582349
42,DOM,245.3094551,233.4178012,232.3170644,226.417145
43,DZA,270.7199176,283.5497511,291.21267,298.6074876
44,ECU,194.016793,206.2712503,210.1991044,208.9698106
45,EGY,354.6075765,353.7130901,354.4905149,355.9410025
46,ERI,276.2007747,272.5999163,260.0733073,254.1987315
47,ESH,111,125.1192386,114.5316927,118.7016287
48,ESP,125.4070902,125.7473079,110.2802887,109.8852204
49,EST,92,68.91238962,57.81151847,70.28102769
50,ETH,346.6640759,342.6440312,341.2536145,344.389167
51,FIN,179.2441588,156.4542215,121.7959389,122.0769761
52,FJI,4,3.491466754,2.288464382,1.942070496
53,FRA,219.8530638,196.052002,160.3854311,148.1385232
54,GAB,306.2807719,309.6665322,319.0006085,320.9807056
55,GBR,175.0312615,139.0041368,115.3231228,109.4159955
56,GEO,160.342594,138.4897235,119.9187807,119.7642446
57,GHA,277.9156406,293.1505209,303.3141279,301.5360931
58,GIN,285.53147,289.3942002,299.3806551,298.1150722
59,GLP,114,126.4408717,122.9511696,118.3962788
60,GMB,333,339.3300593,338.2045204,336.9135192
61,GNB,299,300.6320519,298.8466523,297.665197
62,GNQ,182.7755273,203.4645497,205.4185295,206.8425864
63,GRC,211.081419,180.6306959,153.5062705,149.3855255
64,GTM,335.0309645,338.5356788,336.7629106,338.6787026
65,GUF,80.62885,126.843955,129.9820206,129.6273288
66,GUM,2,9.611444293,9.080508251,7.553722678
67,GUY,124.1560231,154.4176505,155.3672787,153.1378936
68,HKG,364.9724075,364.9841601,365.317379,365.2339032
69,HND,146.9116844,163.9440282,165.7698793,157.011308
70,HRV,224.3695193,219.6700983,194.8785806,192.4612153
71,HTI,301.7367215,305.429389,302.6431222,301.0642643
72,HUN,222.8185717,207.1346317,174.5044621,172.2487821
73,IDN,329.1955155,331.656294,327.5549025,325.3261371
74,IND,360.3112339,361.429414,362.005646,362.3655877
75,IRL,17.19199954,30.36527686,29.77426221,43.46592222
76,IRN,326.8997979,316.118862,324.0712675,329.4911679
77,IRQ,364.6377007,363.9915074,364.4750985,364.4828284
78,ISL,8.835361159,23.82982924,26.06323962,40.75902704
79,ISR,354.3156282,354.3006822,353.684157,354.3044977
80,ITA,274.9596046,267.8407454,242.564051,236.4090527
81,JAM,183.0664415,190.3198149,183.2913272,174.200235
82,JOR,362.7544467,363.1917934,364.3402437,364.5184169
83,JPN,295.8080131,276.7097817,247.666322,241.8198805
84,KAZ,216.1501204,208.360546,208.3917051,211.3488157
85,KEN,329.505162,330.4630247,330.7469865,330.5802298
86,KGZ,172.118593,158.5595398,161.9137583,168.5128501
87,KHM,318.3074985,307.5839757,308.1212047,306.3466738
88,KOR,362.0621708,361.8832035,361.618444,361.5999455
89,KWT,365,365,365.3893011,365.2798563
90,LAO,350.0292894,337.9352156,334.930804,333.3277201
91,LBN,328.796622,328.7517538,326.9389184,329.5900269
92,LBR,194.9753892,205.1004844,211.7350761,204.7802584
93,LBY,305.6933898,285.3404668,287.3577663,296.8148456
94,LKA,347.4666619,343.7749843,344.980532,344.5971487
95,LSO,134,118.113062,117.0308413,123.3826977
96,LTU,129.9683758,116.0048769,97.26235024,102.9177157
97,LVA,184,165.9401603,134.9388281,135.4170885
98,MAC,365,365,365.3633688,365.2633512
99,MAR,197.4735403,219.4248832,231.4488733,242.680286
100,MDA,130.588642,122.4455653,98.01771493,101.1352173
101,MDG,120.5563449,125.5881168,107.8288663,114.3296384
102,MEX,245.5047862,247.74584,244.2825072,243.4980861
103,MKD,189.9716459,177.3474,143.3738306,143.7220368
104,MLI,320.2022997,321.9460132,317.6670619,316.4883929
105,MLT,182,159.2731668,185.631815,210.845232
106,MMR,284.3057275,287.3734017,281.837979,282.2338626
107,MNE,96,81.58971266,66.60360585,74.31584327
108,MNG,112.4428091,110.0962364,98.39130375,97.75442484
109,MOZ,130.7222735,136.9228424,133.9771681,133.9591687
110,MRT,362,363.6497975,364.1862615,364.1252789
111,MUS,28,33.49538514,24.33658719,19.53733057
112,MWI,286.1868428,276.0714059,274.954918,282.441146
113,MYS,320.9837516,326.6771328,319.0877435,312.1958181
114,NAM,207,211.8248982,223.8113156,229.1407108
115,NCL,8,6.440855852,9.54982343,8.57406308
116,NER,350.2259979,352.1633862,350.3746294,349.3067487
117,NGA,363.2260302,363.2544347,363.7677257,363.4565787
118,NIC,129.5080312,151.490899,151.3265703,139.9012519
119,NLD,182.6629175,150.8207158,119.363626,113.8838762
120,NOR,85.98797838,74.0342686,59.70630937,74.94094778
121,NPL,354.6333756,357.8126802,358.8942555,359.3923751
122,NZL,7.378439944,8.327555396,7.822451348,7.018414561
123,OMN,359.6687212,358.0341443,356.0683183,355.5650309
124,PAK,363.0376957,363.1557512,363.3714767,363.4987835
125,PAN,142.872723,212.6147635,206.4286595,205.3788765
126,PER,48.26886567,89.22577113,137.1711256,159.9259884
127,PHL,286.9029022,289.4714532,281.1383664,278.8237139
128,PNG,34.42747476,30.15680819,32.41671148,27.14465801
129,POL,207.8816288,189.7625578,160.3553712,159.2997738
130,PRI,77.26906101,95.58802742,97.57907375,92.40004076
131,PRK,353.4191653,353.6726177,351.9940854,351.9683349
132,PRT,102.5167717,102.127407,91.30009905,95.59064669
133,PRY,104.4676719,100.0451191,117.9194221,114.5253887
134,PSE,361.3171584,362.1606522,362.9625101,363.4294367
135,QAT,365,364.4564122,365.084181,365.0599763
136,REU,8,11.53096288,10.99165118,9.416768105
137,ROU,213.1316838,189.9216215,159.0376568,157.438746
138,RUS,157.4809383,146.9429138,144.8136034,151.2123593
139,RWA,365,365,365.3756,365.2653665
140,SAU,355.2073104,353.0580832,355.0093642,357.2590053
141,SDN,329.563326,334.7778176,325.7477664,324.878556
142,SEN,348.5423689,354.6690899,354.1459591,352.411282
143,SGP,344.0725407,348.5901868,332.2681239,326.4192779
144,SLE,243.9293956,243.3738804,251.9023863,244.1916891
145,SLV,290.9918164,309.8115111,311.5231374,314.7550742
146,SOM,125.2314815,116.4432729,106.0348679,110.4958313
147,SRB,221.4479862,204.7349182,168.1093242,167.3126697
148,SSD,193.3200738,195.7169947,196.1548567,203.4980515
149,SUR,102.7348144,139.1409973,143.1732317,141.4761178
150,SVK,229.7529368,216.1152253,181.7380202,177.5990876
151,SVN,248.4918191,249.4409458,224.2052332,217.5635625
152,SWE,45.53740218,36.90662029,28.48609865,44.2641136
153,SYR,350.3623406,351.6363848,353.1390802,354.2242113
154,TCD,329.2496864,328.31067,326.6175143,324.5051071
155,TGO,223.9461654,250.4653798,267.7185964,260.958929
156,THA,354.5165873,352.8671444,353.3738004,353.8453137
157,TJK,343.6813547,321.1834439,313.8837892,309.8982225
158,TKM,303.2062933,292.5335231,289.9319612,294.4135527
159,TLS,14,19.01242666,19.00739447,25.42477081
160,TUN,309.5700506,308.569383,312.2019599,319.3850321
161,TUR,213.7895352,191.6137628,176.2493516,174.1060026
162,TWN,351.8742818,353.5592409,350.5510677,350.009158
163,TZA,176.254772,188.8285963,191.3038001,197.3766512
164,UGA,352.6563146,352.0888071,353.0367569,352.852171
165,UKR,134.8992568,120.784716,103.9004896,103.9404896
166,URY,29.16516005,29.17731569,32.52271154,30.40182627
167,USA,221.8278737,212.3500419,196.0371501,193.9339495
168,UZB,339.0886961,332.4595994,335.9669228,338.0751415
169,VAT,260.2670828,264.621278,248.2406607,244.2345899
170,VEN,241.2235239,246.2129789,244.9710199,236.2309217
171,VNM,347.2829303,347.7780094,347.3350436,347.2021963
172,YEM,293.5973868,301.7501503,311.5052096,322.5258549
173,ZAF,289.5078502,294.8948473,302.4777833,305.8932915
174,ZMB,179.9112912,185.7469212,188.3215537,195.7884527
175,ZWE,216.085458,216.1602724,206.1412295,214.9016628
