geo,urban_ghg_emissions_tonnesCO2e_2000,urban_population_2000,urban_ghg_percapita_tonnesCO2e_2000,urban_ghg_emissions_tonnesCO2e_2005,urban_population_2005,urban_ghg_percapita_tonnesCO2e_2005,urban_ghg_emissions_tonnesCO2e_2010,urban_population_2010,urban_ghg_percapita_tonnesCO2e_2010,urban_ghg_emissions_tonnesCO2e_2015,urban_population_2015,urban_ghg_percapita_tonnesCO2e_2015,urban_ghg_emissions_tonnesCO2e_2020,urban_population_2020,urban_ghg_percapita_tonnesCO2e_2020
global,4156536255.8934174,1989172744.3300657,2.0895803382291462,5250449305.56148,2248691895.7583356,2.334890482535781,6524543046.533744,2510204229.3568482,2.5992080525676706,7372285428.32636,2755511533.0620484,2.6754689065423523,7936342208.676419,2985964378.9285975,2.657882413025999
AFG,253743.5364967471,3869256.9216011725,0.06557939719126823,365580.600710087,4777468.961423881,0.07652181597871209,1330245.8117548695,5723072.191004288,0.23243561628416873,1657704.3978629871,6832927.365021722,0.2426053006722862,2025333.1343397638,8425116.408258624,0.24039230275257134
AGO,2862351.491777354,9563508.067214934,0.2992993231834981,4329741.495847331,11039050.047755513,0.39222047885611905,6477940.04202604,14271898.553434392,0.45389476514091304,9570152.963566484,19722622.47589246,0.4852373448441941,8161752.551062782,26027327.16474331,0.3135839688571139
ALB,152403.49545982128,497038.3328163867,0.30662322279300214,226767.73185985355,622546.9673108001,0.36425802994337314,344147.21007808286,753263.7495387549,0.4568747802994822,398893.1965093105,893409.2560476807,0.44648428904123844,434078.38125593716,1035787.748932048,0.4190804358359084
ARE,15705863.624729883,2228978.412546383,7.046216121396849,20671497.326106142,2954874.9672672614,6.995726572222321,35052970.364340976,5148886.456216905,6.807874025269497,45483148.242020614,5678233.454956538,8.010087750498936,44800734.821894884,6287206.594641633,7.125697898980604
ARG,40157849.79118707,21562746.592706162,1.86237173536932,46876822.33292992,23074562.51894975,2.0315367753747355,48802239.35566672,24541627.33638873,1.9885494424123185,57235892.76065209,25830860.08216691,2.215795083035836,48364057.07270369,26747623.199352637,1.8081627930916204
ARM,1191001.9157996117,1478921.317586455,0.8053179717114923,1192190.7077992614,1448220.1481534208,0.8232109664538128,1023471.9420379236,1410959.1323494578,0.725373200805391,1394838.8993415295,1400391.4979958492,0.9960349668915683,1551464.084727234,1312607.5140167463,1.1819710523974956
AUS,57689591.222663075,10577363.396194588,5.454061571092284,57413026.02653509,11488566.607687704,4.997405506455132,68198225.33047855,12751847.481013324,5.348105475071066,69096538.62430966,14131709.974104846,4.889467640570262,61813654.87545775,15971386.372203033,3.8702748424544815
AUT,8526887.429291746,2421217.973007192,3.521734732003998,10689552.075427203,2553651.6524251904,4.18598678691175,11269719.849417634,2680022.6554282443,4.205083799046031,9791243.434812032,2844497.732660575,3.442169533970372,9546379.663789187,3078153.989116775,3.1013327135489934
AZE,3191119.9672143944,2328908.5762571,1.3702212271221894,6457478.690258407,2572861.6415503044,2.5098429647259954,6189319.329360877,2802662.091703969,2.208371586314881,13337824.37417639,2970223.5313674635,4.490511987842134,12759450.241114706,3125718.370653901,4.082085692974773
BDI,103044.59662697399,343397.30735488026,0.3000739796730079,151912.56820347434,488587.95586292783,0.31092163934981043,152639.50436214881,676332.5592775468,0.2256870562688822,153561.91944177763,886855.7096747438,0.17315321733464037,189995.49480484222,1081814.8342097146,0.17562663109869203
BEL,35123680.53318109,5431631.44965841,6.466506584387273,36164342.44127875,5795936.115989281,6.239603356136376,38523236.565588556,6134206.152246489,6.280068783061758,36917196.30627298,6762405.4267087225,5.459181160665882,34883512.532122955,7198454.9660950275,4.845972183812431
BEN,326808.3033436922,1663048.9830685363,0.1965115319337675,496881.84694346867,1963434.8032990098,0.25306765781506774,681781.0655031448,2345718.726293752,0.2906491123001616,830159.0793747633,2780999.735145713,0.29851102424907866,1054163.4721282276,3313405.169237463,0.31815109178779655
BFA,381418.40114193683,1366170.9437614512,0.2791879031563833,622015.251771978,1926059.9576878618,0.322946982667495,922084.3210814892,2502458.8358445275,0.3684713242327141,1626777.9268439987,3130914.5825509126,0.5195855344985431,1988302.919075687,4010718.291360347,0.49574733866469056
BGD,4212752.685392006,23566354.482004598,0.1787613221471691,5991041.3195796395,26918186.115280196,0.22256482267870217,9931516.038761102,29964828.272128116,0.33143911083244665,12567590.118706966,33222287.090533245,0.3782879271514129,15221709.043185014,35882921.991819486,0.42420483612385934
BGR,1839192.4597426779,2029121.4464461862,0.9063984134433398,2126431.239539321,2065778.2430340438,1.0293608458264112,2161389.756874914,2102261.315805924,1.0281261138301079,2258541.95357091,2137087.4984185733,1.05683176530779,2149035.3954272466,2158878.681126378,0.9954405563475222
BHR,5567655.680717596,541426.7108154309,10.283304405747312,7222180.093428209,685521.5852869323,10.535306616793532,7205713.134139645,925659.6978796348,7.784408406939865,7572050.614945675,1036924.825425026,7.302410386251444,12207532.982198058,1404826.3304868897,8.689709693843172
BHS,620156.0658462148,186454.69773233368,3.3260415177979805,544392.6302038797,199619.85928144897,2.727146648452081,777320.6060671296,216332.22263879253,3.593179955281156,911248.5110845398,240752.0148935962,3.785008866851142,951180.2631216514,256117.98959217468,3.7138362074302074
BIH,183637.21782221575,523072.112867158,0.35107438019517045,247055.50502040016,530255.5268942881,0.46591783110193435,301025.10729347775,520082.18688129983,0.5788029563146367,291997.03572151746,498707.60380902945,0.5855074867343153,310053.8294877114,439482.91837834043,0.7054968840012877
BLR,6955065.474412243,4518885.538839704,1.5391107861957634,8080882.962649169,4636881.784143434,1.7427407768477199,11452132.837618314,4833696.313006575,2.36922886669623,14256520.588566316,5062229.969744399,2.816253049303122,13616825.974331664,5287996.645128859,2.5750443671092467
BOL,2888446.5609917534,3987591.4501406434,0.724358700510775,3701229.592068493,4512936.620593453,0.8201377292069703,5558214.173155735,5023300.519479178,1.1064864926162168,6329358.770974092,5554503.649548022,1.1395003352800248,6082290.885334338,6263917.153302238,0.9710043630011693
BRA,112485493.27387977,74601678.7674404,1.507814504074855,155447114.864753,83314304.69032371,1.8657914201234034,193702837.94263065,90627030.20234385,2.1373627438761753,209940872.1056845,96762178.12222914,2.16965839525118,195666312.49258476,101117542.04856306,1.935038258728771
BWA,173774.7484549527,173777.85242148588,0.9999821383076731,212072.45954312003,221527.39398945213,0.9573193442307081,262735.45621324214,254682.60167342008,1.0316191780942627,289980.6583818744,287862.3880965815,1.0073586212471153,283974.04421185673,336698.9573033455,0.8434063665840617
CAF,78912.36930279974,781353.4579448019,0.10099445839833275,89490.25507230681,875813.2969926794,0.10217960309530998,119658.57418595438,986648.6612804887,0.12127779510759132,135124.57486243133,1070628.4650815187,0.12621051958686977,158087.77397780324,1184859.2391299605,0.13342325295440727
CAN,128036368.56609595,18675478.150673497,6.855854909475426,144257668.4722963,20474301.477854624,7.045791946959851,139706783.01619336,22289145.89827531,6.267928957609973,154507399.43342742,23586799.99465516,6.550587594266254,154046776.0338893,25052670.756552972,6.148916318376779
CHE,15429168.085409425,6684808.9518936025,2.30809409759404,18106778.313014824,7200209.445364252,2.514757167886638,18298425.61635133,8331469.497267664,2.1963022996546244,16239050.840538412,8833357.187701164,1.8383781494931875,14932158.40857687,9123514.067033112,1.6366674396363023
CHL,10186415.576879648,8400498.137325864,1.2125966115769293,12743594.778798038,9365797.58385111,1.360652380612097,12490827.701634431,10202773.89695156,1.2242580133395398,17461469.87385111,10764757.73278791,1.6220959456120385,18301755.77927658,11523449.469453894,1.5882185128498607
CHN,524750001.8135148,343518043.74548775,1.5275762405141713,1076983245.363166,406094863.78023136,2.652048428630221,1866158429.1043835,467699622.1561011,3.9900789752648715,2390271783.91417,524058450.13568795,4.561078603532271,2908924001.2752104,576954296.3634379,5.041862101747496
CIV,1332264.810543474,4751405.17969379,0.28039385406178585,1591531.641035642,5436108.464366077,0.2927703984326655,1756635.086146587,6127347.269761411,0.28668769841324626,2521031.9640597003,6876591.973390349,0.3666106661286698,2919325.3531175377,8017119.034862715,0.364136461043269
CMR,1289728.053337033,5849531.807758436,0.22048397986765747,1647637.0762856167,7194975.301248264,0.22899829496284255,2142680.910469266,8861263.313019088,0.24180309677980233,2580286.3687846987,10801108.373106405,0.23889088782863557,3207857.089832587,13003119.937080014,0.24669903110598737
COD,2582819.8182925293,14917134.678768108,0.17314449952434327,3189461.0644413442,17042385.00841645,0.18714875076852305,3499630.017936866,19847279.601123773,0.1763279445984483,4670798.575094585,23728111.01979373,0.19684662513582546,4202731.859576393,29214384.374239136,0.14385830643353578
COG,1819353.5487308356,7365725.81746082,0.24700261641805446,2298189.2389371805,7796109.503627265,0.294786680185535,2289094.0034654895,8647336.59522412,0.26471665330221383,2787772.7547510583,10567967.22198098,0.2637946064927789,2589409.783071587,13625815.055878844,0.1900370563120471
COL,13815114.215650063,19254694.793377995,0.7174932848274129,13445783.962384475,21531210.92122083,0.6244787630189678,15150488.549024235,23691633.504367143,0.6394868697522061,18663500.24560229,25693933.42999315,0.726377699095925,18029828.23432288,27889401.35342742,0.6464759858356419
CPV,7050.622823059545,13809.860732321897,0.5105498860359688,11862.161598748668,14684.758979447768,0.8077872858077207,14136.044587548358,15278.58852163457,0.9252192745116237,16879.704190126733,15507.474998999047,1.088488241394312,19233.781782627506,15617.266901824956,1.2315715613709555
CRI,1707842.207996841,1630518.3747089487,1.0474228530553633,2474071.5919811437,1742462.2771337344,1.4198709633191433,2997587.9063119893,1839945.0493441469,1.6291725165273208,2864462.5816714927,1954457.6275735407,1.4656048518318217,2783178.0400083098,2113997.4729564423,1.316547477285303
CUB,4778854.139196896,3657380.3808428063,1.30663306563034,2703281.5611794563,3718165.37033504,0.7270471568444161,2862302.0707360664,3769242.304528107,0.7593839396574464,3491778.9465965135,3829791.8645644234,0.9117411781315292,3284565.756244165,3912471.0876700357,0.8395118283673241
CUW,871659.6811236362,80874.51963060621,10.777927153137174,1250122.647008783,107539.48952817862,11.624777581645604,878204.50607,125155.58266967288,7.016902381317445,1463022.0502804283,136856.65082182013,10.690178675972444,350107.1430004791,165008.45671074864,2.1217527269781025
CYP,524161.14834225643,410233.85433572123,1.2777130478200394,576748.1042458648,443256.70739283925,1.3011604666699783,649865.1977590496,484633.248513967,1.3409422480849882,618089.2277749773,515782.3110788496,1.1983528990789443,618828.492727859,552336.068963454,1.1203839971725702
CZE,4966432.874577697,1955993.797881607,2.5390841627189595,5043337.586084527,2021542.5798129174,2.4947966154397103,5160359.07458752,2094743.9844670761,2.463479600778215,4959090.388800825,2154196.605984663,2.302060255328492,4898702.954206806,2258795.9444960104,2.168723104954848
DEU,141512488.3332272,29012530.06863197,4.8776334914075266,147363319.3970898,29582949.84186445,4.981359877389506,151053298.80692685,30570202.840506162,4.941193867604243,143629154.44101316,31480947.523583923,4.562415230145583,122550205.98662965,33163097.91030098,3.695378710339471
DJI,85078.18526496233,423300.870210361,0.20098750381184521,94929.59983930213,458998.58885768964,0.20681893614434316,95486.15333312296,496012.4580046288,0.1925075707115241,96253.75113769987,537554.8887754434,0.1790584610940235,95222.49484085379,657880.5923289545,0.14474130404692115
DNK,4666134.342775496,1558984.9107741765,2.993059336577119,5021703.849135512,1643089.7021141788,3.0562566624780367,4931660.930492384,1728264.8711595712,2.8535330508589865,4370233.734147817,1836256.5844988807,2.379968992917439,3708134.425659416,1953371.2632942912,1.898325472140805
DOM,4165095.3006015345,3994289.4462033487,1.0427625130072986,4779667.74022058,4494857.747460027,1.06336351643642,4466838.767690209,4978489.210129236,0.8972277691396774,4783890.180713031,5373874.407437122,0.8902125018203648,6701446.620948196,6144487.0008591,1.090643795000498
DZA,4999820.843512372,8607749.09248292,0.5808511365507477,7807898.154535882,9751661.10726557,0.8006736563802994,7845000.501539436,10896956.493332906,0.7199258349190666,11230220.823385347,12198201.243773721,0.9206456426612525,12559591.118495602,13502856.830724334,0.9301432486433219
ECU,3345436.7630789313,5465706.2364262035,0.6120776745708112,4755112.406101405,6210753.198425752,0.7656257227073021,5230744.982304078,6888823.385036282,0.7593089109623803,6432895.874036299,7509234.359549179,0.856664683245084,5325942.504274174,8275986.922759979,0.6435416771415114
EGY,22639405.33802091,26525742.36761123,0.8534880956117684,34907864.23224442,30739940.11405384,1.1355866050072447,43045070.38821274,34800272.01727436,1.2369176415300944,53281362.339505434,39353900.55599332,1.353902957184534,59123057.97578869,46254190.37683387,1.2782205783759673
ERI,33261.08368408437,574220.5204963068,0.05792388550540888,38054.39346008763,625700.0740585086,0.06081890515571395,41490.23905734728,641619.3754637691,0.06466487865544539,49364.420120863695,636661.0678140162,0.0775364202657421,54777.93643041479,493169.45853819913,0.1110732537914691
ESH,3972.51494124684,755.4732715936593,5.258313021275896,4226.155316402095,891.6117538859415,4.739905343310135,4435.499665997515,1097.1451277315923,4.04276476637886,3663.9883000459095,1304.39968925179,2.8089460080656647,3239.347237131459,1241.7896550674943,2.6086118723185794
ESP,19032554.629305992,16356796.982721644,1.16358689598036,25882029.113329764,17624333.510741297,1.4685394541334427,26053210.825748753,19265744.01314052,1.3523075365259047,23912623.818789504,20472049.414538123,1.1680620408139537,22778800.50314321,21769579.70968901,1.0463592226819622
EST,589892.9961697106,365000.18488114164,1.6161443763701187,700310.5220536463,364443.0501032834,1.9215911014222324,855103.4604785934,366526.20527973684,2.3329940619824687,1023683.148371723,394868.43741442973,2.5924663796243808,1089353.8838694706,446046.2175832824,2.4422444153246845
ETH,789999.1520375399,4856830.168143602,0.16265735565950346,1153421.3193555647,5772758.45180769,0.19980418875734887,1336082.8239811256,6957821.410261008,0.19202603016092723,1922340.2159908637,8308138.562996846,0.23138037496782582,2521546.574887977,10101743.771193402,0.24961498054212536
FIN,4887340.155901517,1112730.4274276006,4.392205008000026,5277677.51873808,1185902.0845631466,4.450348462522713,5992628.61506983,1284556.4015329028,4.665134678336141,5624841.069214367,1390188.6469043447,4.046099125999695,6288983.991659751,1488342.977512072,4.225493778438405
FJI,247371.9372746728,167962.0499552395,1.4727846995234661,226838.0242167846,183041.46989168058,1.2392712118790443,148924.46287551985,205220.00018232543,0.725682013172252,213762.43918070264,212526.12734530348,1.0058172228085183,211979.6477156588,241278.61192682496,0.8785679179054131
FRA,78649744.39197533,23543089.52682597,3.340672187580078,86821592.1276346,24711273.421135567,3.5134406328641905,81077187.91705552,27047496.441907007,2.99758567641165,71487544.87295656,27967607.618491992,2.556083661074016,61966294.18422626,28163579.104439534,2.2002279594662126
GAB,418691.3785076045,533314.4911158285,0.785074070707504,1332326.1173943642,597142.9243649561,2.231167888008141,2301985.5516715576,684520.8943772621,3.362914953481109,2208918.5622807527,775712.8882471296,2.8475981200624667,2172935.8441149,973766.8502401103,2.231474447481037
GBR,110352080.5627148,30898546.846080765,3.5714326991630703,111214959.0296221,32685030.470040213,3.4026267508474275,106499619.99366398,34630145.60206443,3.0753442742474393,89914380.8347206,36449363.425104804,2.466829935712713,79771565.27952603,37992186.87459792,2.099683430775667
GEO,821242.5911119343,1372212.3274917954,0.598480697672383,698603.877547626,1362238.549406933,0.5128351989831529,785501.0842884874,1394383.9096973345,0.5633320055012602,1138641.0504369552,1420530.7915257113,0.8015602739691448,1283184.8531631536,1358573.8494418326,0.944508724122982
GHA,2314319.9685979513,6644904.00576548,0.34828493633465907,2770315.7663827944,8427116.86012539,0.3287382639121933,4079593.0181395477,10344891.064861005,0.3943582385315685,5444495.039518265,12326363.0798125,0.4416951702838436,7022740.112569441,14863553.172825525,0.472480572505964
GIN,331943.91474437545,1940298.663457714,0.17107877307549857,406884.440462045,2235797.131022481,0.18198629688551732,516659.38740322867,2590310.565653258,0.19945847198941213,613116.2182343204,3041928.114581458,0.20155513054215607,737448.5733039441,3391736.136607015,0.21742510136465515
GLP,73121.52679524572,70067.21573624373,1.0435911578176509,96168.751172866,68180.38986654105,1.4105045653319153,211629.831238571,116809.23645649124,1.8117559677517305,198167.7959595317,119944.8674568037,1.652157363306094,168427.60906850352,121671.57792580737,1.3842806343089176
GMB,677.9594253208426,39553.11593681122,0.01714048082593363,858.0517264502914,38103.73244287489,0.022518836645115604,786.4179049409864,35746.06786768395,0.022000123422021012,815.2241785519484,34038.14886151436,0.023950308868696774,1737.2427506195688,35730.03877742104,0.04862135083148548
GNB,38008.7656430364,268612.3697292378,0.14150042934117057,54401.533887874684,331159.0646720417,0.16427614307266633,62429.13399897048,405060.77823515126,0.1541228806970007,74964.71266337005,488170.7241319213,0.1535624914760597,81907.4362604584,564602.4484477261,0.14507099019079409
GNQ,91992.04005767795,228994.4387465887,0.4017217211090387,486887.2029975896,309896.16233285813,1.5711301467316208,1008018.7934634867,469132.0702497585,2.148688732635212,926706.2476789643,635912.5723502571,1.4572856206537457,921302.5910487322,1285991.7749947694,0.7164140618648043
GRC,9449206.741634518,4898820.328690171,1.9288739140512656,11671138.45465983,4994605.3673114795,2.3367488713011633,9939104.276488962,4994260.917729111,1.9901051307123674,9018287.231944185,4954019.074558616,1.8203981648471308,7735063.563747008,4801359.930155732,1.6110151449312657
GTM,2765823.9586432185,2357817.040115405,1.1730443505946684,2971147.5861796234,2698094.9759278814,1.101202000925797,2094429.241382847,2937210.9310604753,0.7130673589814868,2213460.1390313166,3074735.440522029,0.7198863713150927,2673335.0993679175,3357421.096741123,0.7962465899683502
GUF,29762.11188034798,58833.34223076803,0.505871513530695,49945.99547078631,75570.65687500194,0.6609178421381167,51109.076707736356,83069.32061706831,0.6152581522044486,40743.90614035157,90069.3420432582,0.45236153852198924,45340.48011024875,93894.37563787343,0.48288813682637793
GUM,1858.489337814939,9919.438858670683,0.18735831374074297,2234.237356193845,10098.48770329319,0.22124474692039717,3781.8948203380414,20297.144911509182,0.18632644329171522,4806.104994148863,22403.47461354621,0.21452498226515554,3101.419290008281,21694.701808972106,0.14295745188466485
GUY,214246.113917956,203489.6509638652,1.0528600000203494,234105.78330658175,204206.70444051817,1.146415755290604,274898.57024951244,219888.9845611193,1.2501698109079356,286433.12079063087,217461.6678250165,1.3171660258814586,223703.96132499064,218693.15454573111,1.022912499431763
HKG,36719126.45717728,26705012.949058373,1.374990026300362,75462579.42898582,35403383.22020475,2.1315075725847366,116567650.93962206,41317262.630387664,2.821282038512636,143610466.06765205,46898128.38164989,3.0621790468688164,168064266.28066662,50177626.43266663,3.3493865339802813
HND,470812.6737867976,1568878.1288367843,0.30009512219784273,852282.801687175,1785467.5232649504,0.477344331712441,911475.0444149261,2002940.0858322864,0.4550685519063735,916814.8264909725,2219609.474957827,0.4130523125057358,1009744.9573134468,3075081.5158161563,0.32836363918159445
HRV,1126718.27684221,1081740.425165851,1.0415791539541135,1499145.966839814,1096607.170245843,1.3670765680874837,1542158.2804344231,1114084.9041809489,1.3842376596675856,1330627.1092740595,1111671.130238816,1.1969611093419383,1500353.4224447783,1101452.6514251158,1.3621588004745773
HTI,733510.9864601153,2393646.5366472374,0.3064408112183257,888418.439617869,2757628.569809414,0.3221675498086639,1130192.071053178,2630855.7660807655,0.429591042437437,1436345.3549050197,2696580.370278243,0.532654383580198,1557060.226912022,2823705.3996799495,0.5514244606000703
HUN,7370605.526351014,2899795.4778167577,2.5417673704010006,9299391.328547603,2886577.6804530695,3.2215974617693277,8932312.091296587,2935475.475953923,3.042884249746256,8530734.984677,3060091.3274460817,2.7877386887654287,9065001.495026791,3073082.6295648166,2.9498072742386685
IDN,75014462.69795021,70454543.89861701,1.0647214295488854,91471541.16864344,80018449.90386693,1.1431306314798162,120430969.051935,89601125.9074091,1.3440787471396785,135480285.43301222,98165529.2646878,1.3801207658923844,156467131.17594048,103890588.6474632,1.5060760865152831
IND,114487345.80577676,240557410.5087818,0.47592525029112454,154924453.27117032,272432492.52914965,0.5686709827925307,238809814.3921464,300816907.58391845,0.7938709838825332,270083113.49074316,325753197.18863994,0.8291034925264023,303382420.6186455,343745025.62799925,0.8825798135242424
IRL,6248518.846518043,1044883.9965942918,5.980107712324569,7185555.586395727,1133317.9597385349,6.340282111168069,6995489.470621296,1256707.0633139012,5.566523555755617,5359563.636458149,1304678.477138421,4.10795742427927,6008059.265863761,1378434.7671145138,4.3586097864032185
IRN,54514444.67753836,25472785.72858359,2.140105336667849,81347696.22444001,28614559.677763887,2.842877791603921,97720781.39127785,31278252.234587926,3.1242404677335793,105189485.86709373,34058087.04311804,3.088531828987409,118150909.75819765,36676972.23870027,3.2213921309875437
IRQ,11091853.307115754,10519356.241429182,1.0544232035256933,12459234.67515077,12672863.970902981,0.9831427768622226,16268338.676059231,14283503.667939778,1.1389599536824107,19339436.770834308,17693848.66778527,1.0930034010093643,26041622.803868443,20153511.16709339,1.2921630671676283
ISL,212236.90172652426,133665.57558982144,1.5878202056886663,257698.0214155278,144867.515813136,1.7788530435486405,233777.13461326127,172297.56620304988,1.3568220362309629,258818.00093837487,177607.31921163714,1.4572485080413098,156397.2073113919,198165.73570142413,0.7892242660307088
ISR,6181636.8896569,3374836.8078627796,1.8316846833170621,7696459.70086201,4015759.7752110637,1.916563771660742,7099716.712460696,4357714.443686577,1.6292294514035244,8763956.046164256,4838333.661689647,1.8113583433813245,8279821.510200177,5342833.075977988,1.5497061937845744
ITA,43043652.28571348,20061994.832113024,2.1455320194188245,48741010.565411255,20886373.92307827,2.333627212886157,45557536.613227166,21863805.19629298,2.0836966028654276,38572443.32898524,22584216.01117819,1.7079381152701327,37348494.34450878,23294737.19520512,1.603301811543786
JAM,578566.2389954415,858053.5028754146,0.6742775794943018,653221.4292018873,886532.2461966834,0.7368276021591724,501404.9160322092,897894.6228722034,0.5584228964734248,618136.4507287582,904544.3165744565,0.6833677901704853,572774.1125851356,915454.1926890713,0.6256720621953337
JOR,3070468.8574973764,2801189.650652262,1.0961303019174058,4349961.618134057,3254088.6935898,1.3367679948930118,4456185.223931373,4057571.291180668,1.0982395389126278,5148641.947486993,5423524.869113006,0.949316555513284,5304589.134846369,6910260.297319548,0.7676395543166427
JPN,376365405.61845654,88541282.65740784,4.250733604963965,393559977.5122377,91171753.03247249,4.316687618938994,429401029.16541046,93242859.48087937,4.605189411350739,441449180.2668387,95633165.2924501,4.616067855924974,371921895.42476606,95461212.72781935,3.8960524887233117
KAZ,24064547.236654114,8651126.27130556,2.7816663960243506,33130732.529188205,9572124.396981416,3.4611681958120006,50487500.61231201,10617754.347856693,4.7550074110071545,41603472.49704109,13004371.477616979,3.1991913310573032,48982421.12580671,14463867.109724827,3.3865369996985955
KEN,2690396.688998397,4133767.764644255,0.650834019271503,3090653.17065595,5148795.099608652,0.6002672685286822,3968094.147988776,6423779.699988284,0.6177195254681622,4153009.8094780073,7774898.51482291,0.5341561438467987,5162119.6395223895,9454161.004690768,0.5460156260255307
KGZ,999057.0023218929,1379337.1502402942,0.7243022506483258,1330131.8097933298,1486460.2348180288,0.8948317476896134,1349914.4503032442,1593719.5594382952,0.8470213233619471,1982375.9450451839,1785960.2146513162,1.1099776628743183,2222260.1010268573,1955846.1813220142,1.1362141472315406
KHM,244711.69053150987,1182255.557558826,0.20698713486008177,495808.79675479437,1608485.194851867,0.3082457944541142,848857.9277741965,2076607.9258417017,0.4087713993628012,1724082.5480438005,2500897.692729556,0.6893854766854074,2919057.543542633,2822706.4406721704,1.0341342980205617
KOR,89881098.04987769,32635866.174205877,2.754058910834615,99073404.25237317,34562085.21289563,2.866534343691954,114516281.67905858,35992539.23162828,3.181667204475197,104150484.30343404,38184754.899426185,2.7275409931988106,108670480.93944257,39318363.901224464,2.763860704185057
KWT,10767623.440683877,1573540.7947793433,6.842926142371679,14678695.957839027,1846041.6490997188,7.951443546789728,23282285.91285285,2413005.2418887583,9.648667772735068,32457916.211370286,3184060.9020837117,10.19387417813811,36473719.515507266,3870206.9824441457,9.424229680985453
LAO,103269.71963623805,322466.2663771274,0.3202496831574411,160351.62329770665,386166.79459502525,0.4152392840142252,278087.17589536787,393746.55649003823,0.7062593216669908,454115.78415981174,376008.9412986357,1.2077260253211417,488957.97857866273,345491.96697669534,1.415251367079237
LBN,2569756.984602909,2055227.581528412,1.2503515463196815,3006699.0741865705,2270984.144661029,1.3239630409816692,3905448.2106563053,2424599.65530517,1.6107600288199948,3928394.597755129,2847580.5027280957,1.379555237855987,3893758.6357073104,2634569.8797664074,1.4779485128147551
LBR,199815.12892874033,893006.5127685571,0.22375551137836658,288999.0294842934,1295859.4336131902,0.2230172671417683,340895.7646477265,1212921.118169283,0.2810535322876198,551633.51721228,1466916.4144839186,0.37604972700939626,641572.377987666,1741394.5291313299,0.36842448236454806
LBY,8821286.182386372,2377041.216675046,3.711036275056853,12038097.831436371,2806410.204278834,4.289500449037105,14327637.243927564,3129841.2361240243,4.577752084853614,13227610.747096213,3120495.835953367,4.238945168486323,11470603.110486062,3509241.6736641256,3.268684284861234
LKA,2402209.367975136,3080989.8079557484,0.7796875412479904,3237040.9472597325,3383725.020281504,0.956650120165625,3216284.6239714506,3609068.6843754626,0.8911674742837481,7348492.865151184,3824720.825459056,1.921314835905492,9775922.8120141,4253787.36094242,2.298169133176478
LSO,98856.14011197643,246962.70193006675,0.40028773308436616,115278.23277527376,260255.80816987858,0.4429420176476038,117816.1630941282,275179.6172057822,0.42814276831421,126983.31507704633,290454.8701917001,0.43718776343201743,133536.99934851116,302899.2063789067,0.44086282346169403
LTU,1617308.6484492742,1161665.3219507642,1.3922328728323887,2180488.391541024,1106370.2496649337,1.9708487210329357,2559088.702887781,1069543.141447127,2.392693294657801,2650448.5991238565,1059222.2492063,2.502259182253677,2685228.8972704825,1043818.9579185783,2.572504433742944
LVA,1726674.4587408213,680581.8232018696,2.5370563830481068,2015377.71087997,641539.4334746258,3.141471288778825,2607396.7807096257,608607.5138113609,4.284200772318748,2388745.1434471644,585191.3040920896,4.081990157309746,2119566.186849635,569421.2179949599,3.7223168365819412
MAC,975548.9901997477,989903.2473744958,0.98549933317946,1887506.8169750802,1337371.1591636182,1.411356005430469,2640463.9673391385,1513624.149405398,1.7444647460047469,3339168.9081167164,1704220.5050596667,1.9593526179288685,3961135.19197758,1964272.797646673,2.016591176502204
MAR,3247285.617661249,9096695.914630845,0.35697418580722423,4410443.333572417,10116712.480863063,0.4359561806184848,5534042.462778909,11471717.285525749,0.4824075005545505,5873677.27565491,12497337.311634568,0.4699942979203041,6929997.345203991,13901614.85196971,0.4985030457970201
MDA,508788.8133013841,926061.4756238644,0.5494114879993531,616206.4837411453,884518.9642112842,0.6966571760172603,644520.0794651214,804802.9149124831,0.8008421285790306,636858.7225788981,715029.8487794276,0.8906743175351778,686161.6935088745,630957.2480924802,1.08749316309986
MDG,315233.6650479906,1230355.1940594006,0.2562135443244785,376817.57374441763,1443756.6744052337,0.26099797869308583,517355.5729069247,1901512.5396982676,0.27207581444033957,643861.7398192501,2465234.1567796855,0.2611767073113741,709833.2502105315,3184517.214524959,0.22290137009556682
MEX,88144979.0877129,52105379.21717014,1.6916675478040994,110617112.2919838,59060807.64750903,1.8729359908549985,134255263.41353402,64586811.72892124,2.078679219792112,139883379.89521313,69848721.23359394,2.00266200189125,136189880.4002228,70483384.5592018,1.932226740414707
MKD,270334.2116094173,412761.3021645522,0.6549407858531402,390888.87939793814,465219.19854331017,0.84022516831181,419312.0569840706,482026.8707779915,0.8698935316765657,409803.55396968185,498669.02886783803,0.8217946779251291,435221.81409735343,514008.85868656146,0.8467204538253849
MLI,220396.18113363764,1792025.679686272,0.12298717793610087,290723.7192761854,2332237.4131119694,0.12465442739307772,531292.7881455111,3232500.327171603,0.1643597012750763,753565.8962599612,3911701.74094761,0.19264400666636966,1050711.4590702015,4798774.559501637,0.2189541196491048
MLT,384498.5046863418,282037.54461027554,1.3632883707651355,479108.21485094953,285223.7941737345,1.67976243440306,535663.7368887867,296265.6804918087,1.8080519350049962,393499.5252273124,318782.7826319345,1.2343813614352115,378848.53129097144,361501.39258341736,1.0479863675865404
MMR,1545878.4155784792,6569492.261888808,0.23531170354617642,1815606.613962147,7433359.280605951,0.24425115824808386,1810772.9057520856,8312931.402071794,0.21782603731107356,3645764.0784671763,9134197.036884043,0.399133504975371,6123359.429487845,9579294.447444549,0.6392286470661065
MNE,51318.24337012608,124921.26088194021,0.41080471817063713,69240.70888148306,132355.34420279102,0.5231425243803867,91577.01512428744,143115.6832341631,0.6398810602360813,81065.92721290133,153825.39694658646,0.5269996295933514,86060.52532119211,164021.33203841074,0.5246910523872489
MNG,3822319.6597386077,656779.8593125219,5.819788176421221,4982411.151334,831091.7195596118,5.99501960382199,6426832.966302148,1027799.386022276,6.253003313394522,7945156.326069347,1240229.3231888504,6.406199383869537,10256684.624154575,1495414.0678489662,6.858758951564497
MOZ,566964.292106418,3194730.984826111,0.17746855519269267,1062357.5515138134,3715844.044276604,0.28589939159317757,1096057.2524588392,4607335.212064395,0.23789396733903634,1836250.5385676252,5682052.159999439,0.32316678672794985,1995472.0289889104,6683207.651152574,0.2985799833175578
MRT,139753.97559450203,529373.509956936,0.2639988079605095,282021.1125491425,698088.7963978369,0.40399031470549523,407617.33778790286,888586.2758699834,0.4587256734173833,705844.8096040508,1099187.479795496,0.6421514278304674,1021674.990069182,1326579.761005742,0.7701572269537736
MUS,470616.3080345279,506099.0595282134,0.9298897106689694,537532.1981652257,521984.05388349795,1.0297866269401363,530011.8494535201,533983.4334549173,0.9925623460344066,654261.610107703,560684.3291593967,1.1668983349126265,562288.5895577959,564883.8611469632,0.9954056545642891
MWI,328480.1166012665,999125.1131089953,0.3287677511969738,440003.4143042088,1195024.0039775784,0.36819629801550363,541719.6057127888,1417446.1998084127,0.3821800120427919,393536.684786326,1686826.9037848052,0.2332999811085127,488919.4588331379,2057145.6239361991,0.23766886171997192
MYS,21463055.85783417,10391868.824866882,2.0653701677291054,30547226.873841856,12248710.571516575,2.493913681402274,35006122.46788798,14515171.217770942,2.4116920112544,39770023.67844669,16500177.351572974,2.410278558288065,41189420.929044805,18586438.112119447,2.216100830109395
NAM,75830.32564418258,222596.64100758792,0.3406624884406843,118073.20531573534,263237.5086824568,0.44854248130028823,152021.43020896337,306868.9694250274,0.4953952512494244,205670.30556435336,355928.4749988279,0.5778416732885185,274411.6078644826,378374.03783475293,0.7252389974608306
NCL,119188.91375687654,76089.03693515013,1.5664400360128092,220319.26609408134,107912.79459902512,2.0416417433421903,324407.91425410955,120727.999651714,2.6870975680040092,369813.27154121595,131419.8861331993,2.8139825898676816,461986.06108049036,144394.3209544546,3.1994752842545084
NER,67476.830791764,1422456.8323673108,0.047436821460139715,110616.30565145754,1919712.490358731,0.05762128767041934,150663.32811928345,2368895.233194883,0.06360067174270377,243276.8375723907,2806602.5511346874,0.08668018828459904,311930.56684688554,3214679.596513557,0.09703317468564712
NGA,15350463.244076433,33556542.93705689,0.4574506758002396,24520845.168911684,41093743.226676315,0.5967050758470158,28128920.881946184,48962964.476819925,0.5744938277841203,34548178.28856,57281680.31455147,0.6031278778633106,40170386.53667919,65332936.1021114,0.6148565935242115
NIC,707105.239162138,1357992.5956028008,0.5206988914753694,661351.937639463,1533211.3007716378,0.4313508107503619,752808.4808779806,1676227.3371644546,0.4491088196613289,728634.3680040693,1759297.1135319278,0.41416220284774885,649163.5615538461,1871306.2836149174,0.34690396074544083
NLD,24778975.552377146,6897118.042231364,3.592656440074588,32264528.429024953,7688846.342300391,4.196276917581354,34195090.11324926,8026082.198810048,4.260495876595812,31881639.436668057,8442073.12610556,3.7765178008325875,30110746.404468622,8846308.414710606,3.4037640327345122
NOR,2099563.0208866056,908829.3710739594,2.310183943995518,2425106.302723318,1008375.1244244748,2.4049644264156513,3080136.271728842,1140479.0108983896,2.7007391125089852,3214423.6200557374,1304019.2865100296,2.465012330192261,3137476.722207625,1407594.06786136,2.2289641551094177
NPL,397998.82330402796,1739671.9596633138,0.22877808720964518,536194.6094166208,2415447.439212077,0.22198562498695001,1139045.273592915,3195532.050229891,0.3564493347863528,1389013.276853922,3948278.625461032,0.35180224310834446,1838424.9594976795,4412764.57402129,0.4166152371510608
NZL,7066689.259631453,1705482.168728525,4.143514009823877,6877205.903989896,1896691.0337911176,3.625896775735632,7766510.319104147,2010621.213717823,3.862741657213075,7541133.325877691,2158177.374320163,3.4942138749152565,9456711.441528976,2519124.523469956,3.7539674412374318
OMN,2089048.8290857642,509139.21369532245,4.103099452747881,2544845.1202733065,567398.2450982785,4.4851127797064585,3507714.104401456,1215705.7312238864,2.8853315521266305,4727705.905289012,1176764.780898562,4.017545376977545,4932905.654760213,1119832.2153185739,4.405039958023428
PAK,16032283.215191029,45546776.69257643,0.3519960001429496,21058789.980784494,52944181.475713976,0.3977545670517991,25939580.973903432,60292671.9069366,0.43022775659937396,33259241.674089096,67029380.86707476,0.49618900314841247,43402690.147516936,74510314.20580125,0.5825057995009458
PAN,810001.4955247388,1162966.5479354598,0.6964959542152633,1110138.7640725102,1305034.6184077398,0.8506584794102856,1286917.3072340237,1480444.69834797,0.8692775276713114,1699608.4036368388,1675053.9826560174,1.0146588833763357,2033748.019053565,2045008.3143367935,0.99449376552443
PER,6815052.711443253,11658728.630710721,0.5845451015551946,7784168.488469616,13042689.243565641,0.5968223533585901,11185535.945173964,14356051.074264789,0.779151306115481,11581417.579641333,15633436.955107976,0.7408107131463046,11360493.105785074,16988293.395519823,0.6687248001486176
PHL,10385913.072282948,22622562.38761195,0.45909534447654976,11744960.738592444,25136794.031095218,0.46724179400378024,12563808.660863243,27918138.53582605,0.45002315053135405,15171105.002564203,30307471.789883576,0.5005730965533131,16826092.073798068,33102826.50524028,0.5082977452434294
PNG,156877.03457056,290081.37572423415,0.5408035389341753,266089.5398850131,332403.8064572973,0.8005008809043125,171624.2943363961,364692.05988961866,0.47060057843963377,222081.77437370585,396006.0787918641,0.5608039529373722,244356.83771937367,478540.4149548602,0.510629468448184
POL,36686300.57715298,10535014.50591834,3.4823208412806097,38353042.904588714,10708043.655696454,3.5817040103479316,36230826.568267934,10963948.794626798,3.304541752878662,36821094.30246965,11168124.002981571,3.2969811485473715,36281675.99494341,11495516.840394568,3.156158744202935
PRI,509810.44015586074,1284011.4576428682,0.3970450864135966,569008.5983660818,1381294.1214545004,0.41193876780342537,549219.8324736505,1352007.4638090176,0.406225444145353,716628.2567558938,1353027.1157983786,0.5296481115480336,631126.4777255578,1227116.1530851922,0.514316820081613
PRK,5175948.272075501,7201727.011308156,0.7187093129117813,7326890.136089697,7964650.869062964,0.91992609048935,6513936.056249103,8183368.355065079,0.7959969261578351,5582505.749602291,8352332.030701521,0.6683768951093064,8808831.315016178,8610414.897901174,1.0230437696055006
PRT,4680504.326890245,2895713.7077271263,1.6163560349217043,5215538.268042693,3080594.474450215,1.6930298068438543,5239536.827299445,3261769.9737827824,1.6063477404640465,4791819.140415751,3342346.56017787,1.4336691465533558,4725352.6928464975,3503868.160862211,1.3486103003612187
PRY,2239386.6728244987,2009334.203173715,1.1144918895460094,2228250.748776442,2273282.4163965266,0.9801909048804124,2713029.254367603,2419381.1825286094,1.1213732147540671,3010587.818017912,2435770.7797983284,1.2359897913986702,3540076.4222953436,2255490.741127599,1.5695371112565664
PSE,3247257.839143098,2380194.550303614,1.3642825283878086,3950785.341126356,2741933.1890645716,1.4408758597339097,4603449.695648151,3298149.501899933,1.3957674426208657,4401772.662426274,3736697.3108993475,1.177984807489493,4225892.289054859,4157737.577031488,1.016392259194009
QAT,4659442.5299793575,449946.647206766,10.355544504898118,7193746.054547876,639982.7871043946,11.2405305259787,8456711.824453233,1260245.7459704073,6.71036728470878,14312306.16759782,1701119.0137312727,8.413465520090147,15180940.970672794,2084395.761073179,7.2831375184032625
REU,34776.490432531245,110503.23041700918,0.3147101700221271,53431.09150035443,142599.85387330604,0.37469247021687485,47448.00630470446,155034.0228459189,0.3060489912711665,52804.39495432588,168490.88238277903,0.3133961565609491,57819.12098459125,207544.108256301,0.27858714694607994
ROU,14217879.682349376,5904630.484520042,2.4079203126468083,15191877.222010445,5793634.450687692,2.6221670268146107,12815774.411213392,5828276.589996183,2.198896056719536,10761709.08422824,5833145.674006518,1.8449237659508886,10622158.205148613,5913095.135391918,1.7963787089389658
RUS,279235087.3607491,60451255.5333448,4.619177631583245,300899156.9634711,60974046.64818547,4.934872679512827,330201798.61560315,62018081.888094835,5.324282669873891,370329781.5752204,64347424.35992123,5.7551609137269555,395039772.7679018,66713889.57810511,5.921402203740647
RWA,246062.11982354964,1494931.6977409227,0.16459756669511275,331537.9211836462,1922411.9081618479,0.17245935679864402,378926.2755856853,2297667.471945158,0.1649178047791633,506756.2513696371,2710745.6327841636,0.18694349083914444,535234.779320217,3145779.6660598107,0.17014375962020747
SAU,59552751.117483646,12591669.993324615,4.729535569869216,89907445.85838492,14734274.799995339,6.101925413961559,119024103.16515864,18187784.16752213,6.544178337991256,150204074.47577605,20770988.926740263,7.231435874601307,158399276.27458712,24070053.929789208,6.580761170566031
SDN,3239212.544874908,7057668.297475535,0.458963556849724,3992206.16843813,8031329.030222386,0.4970791451097586,3575063.103753433,9195865.964565147,0.38876850940731283,4828025.003993837,10269622.49652936,0.47012682361259905,5475956.504490629,11504717.03934497,0.47597489671092397
SEN,744670.667446621,3747598.836332936,0.1987060782032073,1019158.2373790159,4332874.232091692,0.23521528269400468,1498366.308028246,5022803.6074211905,0.29831274028202304,1692030.2358540318,5734526.085399067,0.295060168993247,2346029.489309411,6364819.550539129,0.3685932445815674
SGP,26499998.148761667,4742545.797851082,5.587715813049019,21828056.952007823,5222350.445267541,4.1797380663697625,26203480.22260923,6216132.939800954,4.21539894277877,30380813.922160223,6869224.7720512925,4.422742730121478,31236744.803709112,7287285.439692631,4.286471973990172
SLE,143894.905350218,1046661.6350408763,0.13747986983835356,222715.7118420447,1349851.8530665727,0.16499270741161895,284729.88782844855,1652097.1585679934,0.17234451760406574,420228.74835177074,1944458.9949373773,0.2161160247893551,441412.5934011693,2406986.8164918395,0.18338803950929983
SLV,753071.337555385,1908965.767983566,0.39449179769779297,975916.4996941147,1958979.7300741684,0.4981759048916579,889869.5446781396,1950358.8555148402,0.4562593915278422,640401.5433032912,1958350.82338804,0.32701063346523684,701580.9008193377,2021300.603683386,0.3470937967073563
SOM,338357.82035645505,2585480.66934755,0.13086843942323506,489951.4201809193,3115708.0788246817,0.15725202996737117,528085.477972256,3602748.6478928984,0.1465784959161977,627622.3637273107,4352304.677850343,0.1442046019713172,813053.2650294646,6484981.371268283,0.12537480348543453
SRB,956337.4053542882,1637735.5327356805,0.5839388510773886,1231195.890766233,1731316.5857028577,0.711132730393389,1573745.8619737988,1824922.9729800741,0.8623628971056754,1455974.2913569082,1939036.5973726748,0.7508750960810647,1500157.6015172238,2060462.7476241258,0.7280682959432402
SSD,78255.54558906457,544742.1678640076,0.1436561188128926,142039.15864942814,748730.8825678988,0.1897065580656709,210420.34865593785,995408.1551908543,0.21139102342957292,250983.79952512548,1091026.0929473343,0.23004381026956877,280685.1369031579,901179.006685308,0.3114643537198745
SUR,235282.26485574467,206407.50020162264,1.1398920321495907,286653.8537510171,236093.93523601384,1.214151703915903,256532.76581014256,258137.8185562331,0.9937821867595085,435387.6306745856,273975.76353018696,1.5891465181613194,371970.19610267814,296575.6972533209,1.2542167127907276
SVK,6088972.980949443,615055.9306591357,9.899868739456078,7157456.038945587,599555.9393609605,11.937928671967448,6889677.321419935,584416.1530948218,11.788991945097864,6875583.566933535,576285.6238957349,11.930860812480562,5844228.557724701,573205.0691667155,10.195702850675453
SVN,1058850.7203425725,531339.4956548094,1.9927950566476742,1101341.2925767107,530697.7974019302,2.075270140498806,1173504.73283754,539805.3225843031,2.17394064811999,910492.7662692805,547228.5125077142,1.663825523448845,878885.8868503593,556528.1981006666,1.579229749453564
SWE,7884209.666989459,2303040.50545123,3.4233916634673873,9319281.741481772,2467638.823145046,3.7765987688604263,10272138.539359799,2707749.50287132,3.79360739553904,8665188.270840965,3008328.09600461,2.8804000076817706,9157185.699730182,3324895.614988975,2.7541272749883143
SYR,4543826.703740104,6059887.196063627,0.7498203442948042,6984274.473969625,7366147.618744416,0.9481583638368787,8016268.857607331,9740185.701075302,0.8230098587055016,3801483.0616646893,6974844.411213511,0.5450276504452223,3705980.564516713,8345716.992074001,0.44405778054016387
TCD,202670.92619840993,1099832.928128139,0.18427428477100222,261886.4845731965,1316668.8968185668,0.19890079062852178,259816.65630155976,1541739.4172422625,0.16852177053778555,383168.5455155384,1790639.621872876,0.21398417684669158,525019.0824693784,2077686.9006437557,0.2526940331128358
TGO,458942.6586759546,1211142.5479599698,0.3789336436482978,565681.5982455317,1594255.8507772498,0.3548248532189762,786600.4890011594,1835914.751035088,0.428451532707428,886384.5094052913,2053278.4778723824,0.43169230036627443,1032966.4952397327,2343013.7812189506,0.44087085766193523
THA,22774860.622315913,11739504.991201451,1.940018820161946,36867361.222737186,14592604.08683779,2.5264415455491416,56394969.109360866,18004223.410452724,3.1323188911674804,71097732.38230419,20349589.061131675,3.493816615594611,90247606.35624683,22918981.976867985,3.9376795377444465
TJK,362157.6159364723,1079628.7903950615,0.3354464230283729,473909.4608852166,1268638.493800306,0.37355752895813815,512415.85200608143,1437537.609685863,0.3564538754002108,725070.4122721803,1752446.434152904,0.41374754636803734,1142796.3046476548,1983009.4306765029,0.5762939333363585
TKM,2842297.7355784792,1215955.624256135,2.337501203892424,4092857.5457324446,1364448.1993566314,2.9996430408001715,5671891.752299276,1507600.169678134,3.762198934688499,8004207.479380554,1685056.7943537529,4.750111394583765,7881361.604766205,1875349.0276701844,4.20261054794558
TLS,5933.069963054637,140034.45395010314,0.04236864425642492,15484.384777174622,159026.00519425317,0.09737014243840285,16387.694903775202,205208.97437102607,0.07985856833992841,27159.661000720433,258142.3372890851,0.1052119589755834,26007.684139549554,315917.58187964343,0.08232426946550199
TUN,3590358.657920914,2960426.940463493,1.2127840781501593,4348280.306646026,3278038.556236085,1.3264884570603757,5173080.171989264,3590136.2626941428,1.4409147156178508,6150790.182055882,4132844.6368193943,1.4882703615951756,5944938.512426906,4534251.1127874,1.3111180577672716
TUR,28401968.566377055,27831868.181648042,1.0204837268202114,33252241.657074176,32473712.42842136,1.0239741369382651,47470592.13929102,37088636.683704264,1.2799228115103056,58877030.45556131,40792844.878049,1.443317587473375,66798535.36406054,44293606.53792028,1.5080852652374
TWN,49772179.51397441,15342631.897445578,3.2440444277530425,58686763.42194438,16363869.959322577,3.5863621238636307,62591028.12662819,17070303.532072388,3.6666616975515165,85433914.37760454,17749941.945427533,4.813194017212699,80052757.04152845,18414258.152723964,4.347324577378453
TZA,1801279.8768253399,4823809.224888446,0.3734144102406943,2746297.3912060936,6180496.409089797,0.44434899875793976,3237089.754696309,7993589.061400324,0.40496074164328294,4819682.144473778,10239588.632010618,0.47069099332825426,5463757.415728892,12781436.386970414,0.4274760089796111
UGA,581646.976958127,1987535.4235735037,0.29264735111606244,874842.9402315385,2563811.5295720133,0.3412274771919679,1085202.0908411855,3200682.5051099956,0.3390533391264596,1540750.779706256,3933960.0764710703,0.39165389321601224,2490176.014281606,4654691.815477732,0.5349819307051219
UKR,61355103.01840167,18218655.323674414,3.3677075463781985,63951737.276297286,18142649.255578138,3.5249392949948963,65112324.996404305,18138464.311157983,3.5897374705724165,45839309.901757844,18136489.476943746,2.527463209461328,38872238.31655801,17956169.13363019,2.1648402856572577
URY,1573362.7676794317,1630952.8404451609,0.9646893083983898,1981105.0832769633,1647288.400656217,1.2026461683866447,4134187.448603964,1670046.5539595797,2.4754923381040217,5866105.286576521,1690925.3368088116,3.4691687201560844,6017933.425581319,1698637.8935181843,3.5427994680591386
USA,898021570.0982226,135617422.5730519,6.621727157618652,937397098.2019193,152986102.5572755,6.127334983587631,920629412.7673614,169477916.83820447,5.432149686181586,948093674.9960116,184128301.3113952,5.149092606859002,930581061.2426301,195976048.38818237,4.748442827050826
UZB,21832157.94865101,8669930.636375727,2.5181467839029286,23004148.492005344,9632021.896177666,2.38829902381495,25495358.04118076,10582106.786011156,2.409289431371448,21728155.88490633,11429102.973525576,1.9011252182465697,26017346.594352297,12390547.418551845,2.099773780405991
VAT,4083064.677465995,2245363.3443433633,1.8184427423527088,4885424.163938849,2335844.7728994773,2.091502064101026,4566458.084820884,2629664.1268366957,1.7365176176753865,4015851.4882129678,2704780.7096247408,1.4847235023241954,3610639.017917077,2786678.9006780926,1.2956781698237594
VEN,17809239.29116775,13232421.675167322,1.3458790634362516,21524599.591559246,14656541.717663042,1.4686001654550813,24131007.567874856,16597524.674677854,1.4538919532194172,22190099.049997766,17787151.557273842,1.2475352772784685,13797029.959684584,16502226.064402776,0.8360708371003586
VNM,10126695.98578595,14901941.612771373,0.6795554733020222,16028136.07448622,18889629.194512416,0.8485151248571104,23461876.968407836,23522437.919712592,0.9974253964869005,36875339.16088177,28494027.61034841,1.2941427468642395,41465121.21396549,31340935.695858598,1.3230339265028614
YEM,517880.2329662702,2926617.936750546,0.17695518996964732,737751.4456489172,3584487.8057552953,0.2058178143232556,905236.299943141,4210911.63559089,0.21497394822822374,642565.7918874581,4898280.799235345,0.13118190202320923,606099.0504939727,5938188.328669114,0.10206800743717968
ZAF,46023142.70029864,15185761.891278595,3.030677224481598,60468659.20394449,18115067.75850142,3.3380310805388227,57571127.037460245,20558247.80098929,2.8003907528875027,60910019.13187071,22946463.582811315,2.654440363416045,59512962.44485627,26816275.769494213,2.2192851444553425
ZMB,1175453.577009625,2589306.5854323404,0.45396461879903566,1430013.7931388388,3184391.450984444,0.44906972498521025,1590838.4137847861,3928934.4342462067,0.40490327349786875,2131925.5987284523,4694974.564179081,0.45408671965855923,2675071.640113067,5658418.810306643,0.47275956937660796
ZWE,2031586.8396438549,2399271.363829381,0.846751588949622,1877604.5168707555,2582170.72957982,0.7271418947484879,1398946.4471441568,2774971.525246875,0.5041300187826971,1676553.0839352931,2871612.26258183,0.5838368590987718,1883100.6459067021,2913971.290522995,0.6462317086070969
