geo,urban_built_volume_2000,urban_built_area_2000,urban_population_2000,urban_built_volume_2005,urban_built_area_2005,urban_population_2005,urban_built_volume_2010,urban_built_area_2010,urban_population_2010,urban_built_volume_2015,urban_built_area_2015,urban_population_2015,urban_built_volume_2020,urban_built_area_2020,urban_population_2020
global,794447616499.2744,76796074150.38412,1904135717.5253203,956460563447.2496,95908769125.06274,2204877232.173122,1090517111492.4548,111765998375.98036,2505930353.4156284,1200687106004.9375,125819051502.19998,2755511533.1027384,1270280162393.282,135924404387.33719,2985964378.9785647
AFG,611716611.3137264,84221597.76862752,3869256.9216011725,675212684.4901967,94322976.50196084,4777468.961423881,785772725.4039199,111958510.34509805,5723072.191004288,893845207.3921555,130070818.31764704,6832927.365021722,955496230.8235282,142564288.41960782,8425116.408258624
AGO,3760751339.6117606,475484937.0705881,9563508.067214934,3987030829.6823463,497471805.7921572,11039050.047755513,4103207452.2901893,512675746.5490192,14271898.553434392,4263706962.4588127,535555229.16862816,19722622.47589246,4753714320.599993,618483923.243137,26027327.164743315
ALB,180307891.55294108,17058818.12549021,497038.3328163867,217225835.89803928,22178302.294117637,622546.9673108001,257623796.39607823,28122861.231372587,753263.7495387549,288570029.12941164,32827264.49019604,893409.2560476807,303435059.392157,35603813.54901961,1035787.748932048
ARE,2357536574.8392196,200272978.9960783,2228978.412546383,2514079804.8784304,216052235.5333339,2954874.9672672614,2687311377.9921517,234222747.46666706,5148886.456216905,2884945117.1294055,255559417.9450985,5678233.454956538,3344289025.8705974,307795117.537256,6287206.594641633
ARG,10118319431.427439,1200318314.7960825,21562746.592706162,10724931359.988197,1290414357.2862735,23074562.51894975,11310645367.737288,1378148391.090196,24541627.336388726,11879392834.200033,1464033139.5490193,25830860.08216691,12260756112.011776,1524018329.8823516,26747623.199352637
ARM,678044781.2588224,62193960.32156876,1478921.317586455,708730835.6196074,66542803.278431244,1448220.1481534208,735013294.9490179,70348019.90588248,1410959.1323494578,756382473.5333372,73229151.99215698,1400391.4979958492,771809561.019608,75201770.98823513,1312607.5140167463
AUS,12821606814.164707,1459122676.1568577,10494109.940539537,13677141516.058798,1560207255.368623,11488566.607687704,14274268056.223518,1639642864.7686245,12751847.481013324,14925279712.737244,1728889630.9882345,14131709.974104844,16019859811.462729,1883257690.8862727,15971386.37220303
AUT,1352527842.2156882,133171669.5803924,2421217.973007192,1395197231.360785,139911574.44705868,2553651.6524251904,1437648986.152942,146753895.91764706,2680022.6554282443,1476764291.8862772,152991838.45098078,2844497.732660575,1508779985.1647086,158284565.21176487,3078153.989116775
AZE,1234409192.1607847,117427471.47450969,2328908.5762571,1501780902.7882366,155967138.1058821,2572861.6415503044,1656022937.384316,178128049.29803917,2802662.091703969,1804746388.5960805,199332296.80784297,2970223.5313674635,1932037978.803921,218118643.75294095,3125718.370653901
BDI,232688475.55294114,23407784.156862736,343397.30735488026,257202457.98039252,25936796.26274507,488587.95586292783,280178283.6352949,28429537.529411722,676332.5592775468,301208565.6549024,30828974.39999995,886855.7096747438,309226346.58823556,32109054.552941162,1081814.8342097146
BEL,3942457744.9568644,420844031.16470486,5431631.435078347,4247680382.952939,468806732.5215693,5795936.115989282,4544814238.933335,515635260.0000007,6134206.152246489,5080883596.462758,597152498.8549012,6762405.426708722,5380003276.560783,649664768.1764708,7198454.966095028
BEN,802251680.9529418,95680421.58823529,1663048.9830685365,932881484.4392154,113150341.45098042,1963434.8032990098,1116884597.6352928,139862836.52549005,2345718.726293752,1285830373.5294132,165739159.6862744,2780999.735145713,1316493014.1882377,172082838.76078475,3313405.169237463
BFA,786566543.4196072,107643212.76862799,1366170.9437614512,913659434.1921606,127600733.95294085,1926059.9576878618,1044575717.141176,148850975.611765,2502458.8358445275,1156538696.7333305,167692130.51764682,3130914.5825509126,1200145277.6274495,177790692.52941176,4010718.291360347
BGD,2344811359.0156884,257278091.56078494,23566354.4820046,2536446405.3019643,284961177.2901969,26918186.115280196,2729617341.5333366,314635598.2274517,29964828.27212811,2896242308.901955,341104077.1411767,33222287.090533245,2920091814.00392,345922395.30196095,35882921.99181949
BGR,694795172.4078432,71164958.11764702,2029121.446446186,734294912.7764696,76856229.10588236,2065778.2430340438,769273920.7254895,82224395.97647057,2102261.315805924,806711098.54902,88361409.84313726,2137087.4984185738,829143975.6313735,92273550.92156863,2158878.6811263775
BHR,421206209.50980365,46218232.69803917,541426.7108154309,431232368.4666656,47739477.14117647,685521.5852869323,441979313.8274497,49457682.909803994,925659.6978796348,458981106.8509804,52338833.925490275,1036924.825425026,597250927.2313756,69825355.21568623,1404826.3304868897
BHS,92357820.30588223,13146640.341176491,186454.69773233368,98770611.07058811,14258763.792156884,199619.85928144897,107033432.54509795,15793686.760784304,216332.22263879253,118266191.3372548,17846504.713725507,240752.0148935962,121551582.96078452,18495553.38823529,256117.98959217468
BIH,138866758.0784312,15957345.78039218,523072.112867158,159061067.25882354,18959690.564705867,530255.5268942881,181560103.04705888,22680091.301960792,520082.18688129983,200783198.09803927,26277821.890196018,498707.60380902945,215305851.93333256,28958526.9254902,439482.91837834043
BLR,1743826650.094118,163578528.37254894,4518885.538839704,1881648803.5176487,179452095.74901962,4636881.784143434,2057284720.2588205,201640287.28235286,4833696.313006576,2217235607.149019,222741134.95686242,5062229.969744398,2294633215.1019588,233934551.50588226,5287996.645128858
BOL,1895229602.7058825,206901227.49803945,3987591.450140643,2039946977.6705873,226879615.03529376,4512936.620593453,2194895926.254902,249068904.02745077,5023300.519479178,2335971728.8039207,268987353.8,5554503.649548023,2436136170.168626,284934746.48627484,6263917.153302238
BRA,35935926738.5451,3483539339.647063,74601678.7674404,17151667612.61178,1725570492.4392154,39637047.50663263,41999910315.62358,4237714337.156863,90627030.20234385,44415892169.9372,4548156775.792162,96762178.1222292,45803182427.78038,4749407548.77255,101117542.04856302
BWA,236497431.9686277,35048030.88627453,173777.85242148588,255036831.3098042,38399620.25882353,221527.39398945213,274016131.10980403,41850470.55294111,254682.60167342008,289248802.8549018,44676883.65490199,287862.3880965815,307668718.7882356,48117774.305882394,336698.9573033455
CAF,227517122.95686245,31061842.827451028,781353.4579448019,234449936.79607835,32153080.376470633,875813.2969926794,243399641.70980376,33614407.7137255,986648.6612804887,253756170.4862743,35324284.48235299,1070628.4650815187,270497829.6509804,38639418.12941175,1184859.2391299605
CAN,16180767499.490192,1801731649.6666636,17940178.691203285,17781980564.14901,2012215683.3097975,20474301.477854628,18952623059.60395,2174701654.8666663,22289145.89827531,19830736623.431385,2304348975.8548975,23586799.99465516,20366283560.192135,2388051988.415681,25052670.756552972
CHE,4491237007.701979,407715809.2980406,6684808.951893602,4840947471.094118,453955781.6980382,7200209.445364253,5732064559.878433,558304095.1686279,8331469.513152424,5996772189.639223,595463855.6196071,8833357.187701164,6133348702.125458,615243489.0196073,9123514.067033112
CHL,2299372716.0941176,270705819.43921536,8400498.137325864,2707690176.635293,325537061.7490208,9365797.58385111,3139730326.768626,384138661.07843137,10202773.896951558,3449482284.6078386,426933942.611765,10764757.732787909,3548188692.8431396,440244348.9490194,11523449.469453892
CHN,139693053671.84714,10022537801.341171,343518043.7454881,170188013803.2351,12920059314.952944,406094863.78023136,212335895936.77658,17307382578.658806,467699622.1561009,252995021311.62677,21877151808.98822,524058450.13772076,279152304204.7801,25380582220.180428,576954296.3317764
CIV,1610060962.5568643,178167103.5529411,4751405.179693791,1724325116.0000021,191780469.98431394,5436108.464366078,1853813184.9803958,208005961.9607842,6127347.2697614115,1995378678.6980357,226289478.9921571,6876591.973390349,2134214854.1098037,250579727.40000036,8017119.034862714
CMR,2210855465.7137256,242386052.75686288,5849531.807758435,2418131298.2392173,266393403.529412,7194975.301248263,2679410453.007839,297723848.9450981,8861263.313019086,2919102058.933334,328380193.9176472,10801108.373106405,3070640750.2549,353579771.2039213,13003119.937080014
COD,3856020709.619605,454704970.501961,14917134.678768106,4069814760.9098005,479945326.9803922,17042385.008416448,4327230757.564705,512081453.54901993,19847279.60112377,4607397489.184308,550335329.4078429,23728111.019793723,5169135172.058817,643497174.1960794,29214384.374239136
COG,1910295907.858821,228543668.2941178,7365725.81746082,1958349691.0431333,234445316.09803924,7796109.503627265,2010155975.1294107,241065180.22745088,8647336.59522412,2071591530.1843095,249347387.8117643,10567967.22198098,2266237920.4039154,282469517.31764764,13625815.055878844
COL,4571070115.701961,420761134.7647062,19254694.793378,4892703684.090196,452823777.41176504,21531210.92122083,5253775498.462744,491133724.7411766,23691633.50436715,5517657579.439217,519624825.286275,25693933.42999314,5751214248.737254,546472634.470589,27889401.353427425
CPV,52594858.01960779,4444829.31372549,13809.860732321897,52732615.29803917,4460288.635294115,14684.758979447768,52922885.8470588,4486901.552941175,15278.58852163457,53102985.929411724,4515066.41568627,15507.474998999047,53206220.498039186,4528617.427450977,15617.266901824956
CRI,789559981.803924,89919564.10588208,1630518.3747089487,814379947.7294096,93091258.63529362,1742462.2771337344,838574935.384315,96329020.65098043,1839945.0493441469,862624036.1098045,99537331.86274514,1954457.6275735407,885564281.7960774,103100814.67843133,2113997.4729564423
CUB,856461982.0823526,101104651.98431376,3657380.3808428063,869558107.313725,103286735.10196096,3718165.370335039,886561783.1098033,106185152.08235312,3769242.3045281065,909822813.3019613,110263188.78823546,3829791.8645644234,958941516.4470592,117532757.56470609,3912471.087670035
CUW,76143119.99215694,9092898.325490199,80874.51963060621,107162541.87843154,13076582.501960818,107539.48952817862,136066999.88627452,16923972.87450981,125155.58266967288,166022649.56470573,20930260.690196086,136856.65082182013,212979389.2823529,26876774.443137288,165008.45671074864
CYP,340914465.2313727,35840499.066666625,410233.85433572123,358642519.8196073,38370312.37254903,443256.70739283925,383302075.80784327,42034127.054901965,484633.248513967,398183767.89411753,44419545.400000095,515782.3110788496,405265282.9137257,45761498.039215736,552336.068963454
CZE,984704957.0313741,103297350.06666648,1955993.797881607,1032512471.8078434,110896148.4627451,2021542.5798129174,1074339346.0352943,117805803.66274509,2094743.9844670761,1117448979.9411755,125048991.12941194,2154196.605984663,1164404212.396078,133402605.58431378,2258795.9444960104
DEU,16332135101.44706,1740024548.4431376,29012530.076291256,17037406246.427467,1839831203.090195,29582949.850804217,17933452048.399986,1969137758.6823568,30570202.85675806,18616079980.337242,2069621896.698043,31480947.507331297,19149531509.56467,2147760481.219613,33163097.894595098
DJI,87173886.21568625,8984793.325490197,423300.870210361,93646615.35686272,9723352.035294129,458998.58885768964,100455982.1372548,10546256.752941187,496012.4580046288,106965110.90588225,11454522.56078432,537554.8887754434,107677505.45098034,11647276.611764705,657880.5923289545
DNK,959711853.7529409,111102897.3607843,1558984.9107741765,992799430.7647069,116609451.46666645,1643089.7021141788,1017265255.1999972,120738289.49019608,1728264.8711595712,1043424346.3490195,125191619.56470564,1836256.5844988807,1067263346.4509813,128903775.84705864,1953371.2632942912
DOM,1123919216.2549028,124832054.46274525,3994289.4462033487,1176081225.5058815,132088765.4588234,4494857.747460026,1247529435.6352935,142595438.0941175,4978489.210129236,1318215950.8431385,153282160.04705882,5373874.407437123,1532068395.3058774,193564839.14117736,6144487.0008591
DZA,2685288532.4078426,279230697.41960806,8607749.09248292,3092858215.7058835,328451954.8,9751661.107265567,3465519630.9490185,375165800.12156886,10896956.493332902,3874603791.8784275,424300918.12941074,12198201.243773721,4097547290.4352913,457295480.69411725,13502856.830724334
ECU,2450816684.7215652,224120462.37647042,5465706.2364262035,2719430614.9882383,250694869.50196058,6210753.198425752,3010586860.1646976,280749291.4705883,6888823.385036282,3243144837.97255,304493625.5411765,7509234.35954918,3405556612.8588276,321846706.396078,8275986.922759979
EGY,6123396104.639213,429174539.6509799,26525742.367611226,7073494825.094122,512213777.3058812,30739940.114053838,7845247463.850978,588010942.9843127,34800272.01727435,8669314778.615688,669523469.9411757,39353900.555993326,10169513400.600063,853275932.7960758,46254190.37683387
ERI,92849738.09019603,9999417.729411758,574220.5204963068,97234518.0392156,10546638.752941178,625700.0740585086,103669316.00784306,11481631.572548997,641619.3754637691,108700821.34117651,12212511.42352941,636661.0678140162,109395730.49411765,12336344.999999994,493169.45853819913
ESH,45372725.35294122,5116625.30980392,755.4732715936593,47539052.38823526,5357649.462745102,891.6117538859415,49553179.937254876,5580853.164705878,1097.1451277315923,51321536.19607839,5776497.125490196,1304.39968925179,52374868.97647054,5900868.945098036,1241.7896550674943
ESP,6653088498.192159,519434362.61176527,16356796.982721645,7200582665.556857,579843452.7058817,17624333.510741293,7933146169.050975,657262810.6196083,19265744.013140514,8424723891.011762,717684113.9960784,20472049.414538126,8558200097.752935,736922207.0039219,21769579.709689006
EST,151418599.02745092,16125112.721568633,365000.18488114164,156652676.08627418,16874808.537254877,364443.0501032834,162007431.06274462,17688883.937254906,366526.20527973684,168043784.46274495,18780495.5490196,394868.43741442973,182508415.72156817,21188369.82352944,446046.2175832824
ETH,1113428281.603923,119787437.53725496,4856830.168143602,1282778079.0078437,139807284.12549028,5772758.45180769,1467705077.2274504,162831662.92941198,6957821.410261008,1638688748.0156868,185467990.3647058,8308138.562996844,1780702295.5411777,211802567.9450979,10101743.7711934
FIN,436528132.11764777,52180835.184313715,1112730.4274276006,472364331.039216,58722673.37254898,1185902.0845631466,515178276.6196067,66557519.56078452,1284556.4015329028,551768803.286273,73621165.21176459,1390188.6469043444,594469987.0509806,82671729.78431378,1488342.9775120723
FJI,201024434.9372548,17556357.349019606,167962.0499552395,206500204.74117646,18107371.67450981,183041.46989168058,219828747.65490225,19668904.09019609,205220.00018232543,224164057.98039228,20112884.541176476,212526.12734530348,249956437.39215714,23348298.38823531,241278.61192682496
FRA,14994704607.317633,1525854420.9098022,23543089.51171607,15908188339.086292,1660826282.266665,24711273.421135567,17748007850.41565,1885623174.8627481,27047496.458158907,18591551336.325466,2016357501.086279,27967607.602239374,19098319313.04704,2098054718.384317,28163579.12946986
GAB,474523641.86274433,47823768.66666665,533314.4911158285,506863414.3411764,51359791.94509806,597142.9243649561,553203073.9882345,56817627.65490205,684520.8943772621,593446822.1568626,61739091.02745098,775712.8882471296,622904716.9254903,66853547.08235298,973766.8502401103
GBR,15163226082.08626,1960445980.3451,30898546.846080765,15781230071.188206,2059456653.1843147,32685030.470040217,16310762677.301945,2143691862.7411757,34630145.60206442,16740285068.003927,2214221321.7372556,36449363.42510479,17021357028.050959,2262559550.654904,37992186.874597915
GEO,657199330.9372556,50783647.47450988,1372212.3274917956,687601096.2156854,54136582.156862654,1362238.549406933,713676332.3686274,56877769.38039218,1394383.9096973347,738870469.3098041,59524358.73333347,1420530.7915257115,767531120.0941169,62727633.290196046,1358573.8494418326
GHA,4140737430.419612,475789801.63137305,6644904.005765481,4714203860.419613,546111321.4156866,8427116.860125393,5367856970.454914,629347571.97647,10344891.064861005,5961484702.980412,708177064.6078424,12326363.079812502,6215113113.090202,752415969.2627449,14863553.172825523
GIN,801132990.3254902,99292430.56470586,1940298.6634577138,855113279.5176479,106668364.1882353,2235797.131022481,913492093.2549022,115035731.20000017,2590310.565653258,973390961.8235302,124464981.6274511,3041928.114581458,994727771.0784323,128951534.9333334,3391736.136607015
GLP,48747121.91764707,4872655.894117647,70067.21573624373,56555537.96078429,5740952.301960776,68180.38986654105,111426458.34117647,14090766.317647062,116809.23645649124,121569131.02745084,15799212.20000006,119944.8674568037,124135480.31372547,16311865.231372615,121671.57792580737
GMB,7089593.11764706,851587.2000000002,39553.11593681122,7194486.878431372,867903.3294117649,38103.73244287489,7318473.70980392,887783.6627450984,35746.06786768395,7422210.247058823,905275.0980392164,34038.14886151436,7524947.850980393,921953.423529412,35730.03877742104
GNB,95982804.14117648,12155740.768627444,268612.3697292378,108363542.01568623,13778307.992156858,331159.0646720417,126552396.37254925,16464374.517647043,405060.77823515126,141387343.1999999,18736099.262745116,488170.7241319213,144725068.96078447,19292637.254901953,564602.4484477261
GNQ,78286609.96862747,7761418.231372547,228994.4387465887,100523228.1490195,10002350.035294127,309896.16233285813,164428551.56470603,16706385.847058842,469132.0702497585,228397738.61960793,23702915.976470597,635912.5723502571,243674429.74509808,25826990.686274506,1285991.7749947694
GRC,2108184516.9137316,177916375.91372558,4898820.32869017,2273802841.768631,198444297.58823517,4994605.367311479,2351973725.7137227,208834145.83529377,4994260.917729111,2408228333.643138,216769254.77647027,4954019.074558616,2424589867.28628,219348791.51372495,4801359.930155732
GTM,1141084377.74902,107122288.08235323,2357817.040115405,1173544501.9764721,110380432.48235318,2698094.9759278814,1198968817.5607858,113081020.87843138,2937210.9310604753,1228715663.1490202,116271929.07450986,3074735.440522029,1369978964.4509814,135287124.35294163,3357421.096741123
GUF,37013051.7490196,4460124.082352943,58833.34223076803,48495176.98823522,6057415.878431372,75570.65687500194,53141555.00392158,6717216.749019615,83069.32061706831,57103093.87843126,7264922.537254902,90069.3420432582,59171731.278431416,7565627.929411768,93894.37563787343
GUM,4061030.5490196096,772218.1843137258,9919.438858670683,4085580.3882352933,778909.9607843132,10098.48770329319,7342760.298039208,1545750.1960784304,20297.144911509182,7804879.149019603,1661589.7882352925,22403.47461354621,7810685.498039207,1663270.6274509784,21694.701808972106
GUY,70984785.98039223,11125953.97254904,203489.6509638652,73875559.69019614,11652832.117647065,204206.70444051817,85833661.34509805,13726496.69803923,219888.9845611193,89800407.40392138,14463704.788235273,217461.6678250165,93603865.4196077,15203344.337254876,218693.15454573111
HKG,13470369876.251047,817685602.5882313,26705012.949058373,16722297578.419527,1062187881.1411699,35403383.22020475,19772944074.8549,1323790483.117651,41317262.630387664,22529615228.991985,1547331349.9098165,46898128.38164989,23725087749.91362,1664958881.4156935,50177626.43266663
HND,662569670.1921566,59437969.90588236,1568878.1288367843,693607512.2470587,63162205.87843138,1785467.5232649504,724696377.6313727,67058912.345098086,2002940.0858322864,760335531.0980393,71331592.46274506,2219609.474957827,892268907.1137264,87449090.42352936,3075081.5158161563
HRV,409171687.1137259,44138330.19215683,1081740.425165851,430268232.85098135,47778679.38823521,1096607.170245843,451752121.1372547,51546940.858823486,1114084.9041809489,467229053.4156866,54282536.650980465,1111671.130238816,485475652.8941177,58115880.043137245,1101452.6514251158
HTI,575109522.2823529,57260294.91372546,2393646.5366472374,617934133.7333343,62091872.388235204,2757628.569809414,677765343.4549001,68963417.45490187,2630855.766080766,746880532.0901968,77302105.3921569,2696580.370278243,848665821.1999984,92983779.32549042,2823705.3996799495
HUN,1398033687.8352897,170094093.98431355,2899795.4778167577,1458156750.364707,180066812.2078434,2886577.6804530695,1548758961.0352917,195995977.27058816,2935475.4759539235,1676284813.862747,218623471.56078464,3060091.3274460817,1711865446.6117606,225424690.74117678,3073082.6295648166
IDN,18779871102.741127,2248122897.0313644,70454543.89861701,20139966739.95299,2455139012.3725476,79881043.53467134,21563623375.53716,2684937799.8980365,89378734.43442674,22804407292.384235,2897179139.584309,98165529.26468782,23057870403.697968,2946098886.3647046,103890588.64746319
IND,39625346547.81172,4175001874.5882325,240557410.50878176,44695485414.38822,4806221658.156865,272432492.52914983,50150672143.71374,5536852066.239215,300816907.5839184,55043789352.556885,6245537886.921571,325753197.18864006,57235492810.92548,6655514680.321562,343745025.62799907
IRL,578372523.7450979,67103818.29803915,1044883.9965942918,608015507.0078425,71218907.69019623,1133317.9597385349,655048703.3647091,78214833.50980401,1256707.0633139012,681961667.1764706,82027899.0352942,1304678.477138421,700578706.8588253,84804705.1372549,1378434.7671145138
IRN,8832714308.77647,924302300.7098037,25472785.728583585,9843339759.023521,1051639668.7019598,28614559.6777639,10748392228.266684,1166426125.7058833,31278252.234587938,11605949741.24313,1278754227.694117,34058087.043118045,12094734933.10587,1345057354.219607,36676972.238700256
IRQ,2803595350.372555,340742600.43137217,10519356.241429184,3225209417.552945,399521166.423529,12672863.970902981,3659611445.8627434,462511476.6078421,14283503.667939778,4099866032.215686,528721425.3450985,17693848.66778527,4401347906.435295,578006809.6745106,20153511.16709339
ISL,61009228.415686265,8756573.756862765,133665.57558982144,64892867.14901978,9482773.172549028,144867.515813136,73625341.69019625,11139207.29803921,172297.56620304988,76915690.49411757,11778868.3372549,177607.31921163714,77059291.26274498,11809345.078431387,198165.73570142413
ISR,1490792412.2235289,126349910.05490196,3374836.8078627796,1737380178.3411765,150964068.8588235,4015759.775211063,1848495603.223532,162837289.8784313,4357714.443686577,1959922550.4196105,175499317.09019616,4838333.661689647,2019781112.8196082,182703835.65098053,5342833.075977987
ITA,11725788569.686296,1116597329.2745118,20061994.832113024,12459404679.62746,1216313945.3568623,20886373.923078272,13212508816.215696,1321139867.8666677,21863805.212177735,13730149724.725508,1397854338.3176465,22584216.011178195,14247926236.701925,1472835732.3176477,23294737.195205126
JAM,317494765.9882349,39872486.509803906,858053.5028754144,329755119.9372544,41479038.04705875,886532.2461966834,336955115.16078395,42564507.423529394,897894.6228722034,346605118.0313724,44079888.67843138,904544.3165744565,365582168.64313716,46981997.27058824,915454.1926890713
JOR,1189727584.2431371,95223144.23529446,2801189.650652262,1339487400.0313714,109722129.09411734,3254088.6935898,1476819944.090201,123861566.1372549,4057571.291180668,1603393266.6980436,137106180.3529413,5423524.869113006,1701928914.7019596,147999269.73725513,6910260.297319548
JPN,64364227060.89407,5346538183.952931,88541282.66842932,67993367806.96868,5778913177.509789,91171753.03247248,71638694200.9334,6219060028.92941,93242859.48087934,76827170569.6823,6845355324.1293955,95633165.298492,79527515509.6118,7181856603.207823,95461212.72781935
KAZ,5201799229.913725,575836984.5137267,8651126.271305557,5860231821.137253,667273890.9450988,9572124.396981416,6501424183.717647,758254009.1960781,10617754.347856693,7745848599.070595,925326130.7568643,13004371.540644193,8144858136.760784,993723467.8431393,14463867.182027921
KEN,1393513502.8980403,155866253.72549012,4133767.7646442545,1536737764.219611,175742083.45882353,5148795.099608651,1759976768.5176528,207047416.60784322,6423779.699988284,1936025446.8980427,233944995.4549024,7774898.514822911,2173083262.2901983,276835430.0352933,9454161.004690768
KGZ,690024947.0117646,80206031.18823522,1379337.1502402942,760860907.5294108,90834851.74509802,1486460.2348180288,833762719.8666646,101968789.34117645,1593719.5594382952,943637515.3999996,119378503.99607855,1785960.2146513162,971979445.8705845,124796872.74509805,1955846.1813220142
KHM,318154148.2392154,29970042.94509805,1182255.557558826,449839188.9529414,46861011.30196069,1608485.194851867,613220287.8509808,70858360.87843165,2076607.9258417014,755849494.1960783,93376115.87450972,2500897.692729556,803118192.701958,102837352.7568622,2822706.4406721704
KOR,13272990018.164711,733157017.8823521,32635866.174205877,14753714488.325514,850170230.4039212,34562085.21289563,16254580437.788166,976511737.2431302,35992539.23162827,18053968661.858868,1141390439.1019511,38184754.89942616,18888645647.933483,1222969109.4901927,39318363.901224464
KWT,1520715099.1882296,113923255.47450952,1573540.7947793433,1527643214.6745007,114446880.92941141,1846041.6490997188,1534599359.3176413,114962335.22352919,2413005.2418887583,1566427898.078429,118036233.32548961,3184060.9020837117,1792764458.027452,139901297.39999995,3870206.9824441457
LAO,161234866.02352935,21333578.898039203,322466.2663771274,187481431.6666668,25794595.458823495,386166.79459502525,219197646.51372555,31619581.47843132,393746.55649003823,246872442.35686314,37423899.07843136,376008.9412986357,257823284.9333338,40007095.20000004,345491.96697669534
LBN,799776368.8627431,47028071.23529428,2055227.5815284117,861564300.7372532,51907015.64705881,2270984.144661029,924399833.2627455,57471512.45882335,2424599.65530517,1006235018.2196096,64867417.36470567,2847580.5027280953,1050123463.2235279,68592188.93333302,2634569.8797664074
LBR,390509826.8470575,48343958.14117658,893006.5127685571,420562425.4627442,52370372.30980384,1295859.4336131902,459247117.97254854,57820500.8862745,1212921.118169283,497493831.5647068,63523873.84705882,1466916.4144839186,513529484.07058835,66683595.99215679,1741394.5291313299
LBY,1727292584.1411757,209276860.9647072,2377041.216675046,1957266765.0117574,246664297.17647043,2806410.204278834,2139558012.6509764,277552542.3764723,3129841.236124024,2343146749.7725406,311023181.7764734,3120495.835953366,2771305057.45097,380887600.929415,3509241.6736641256
LKA,1208392700.9137297,134866826.6509804,3080989.8079557484,1322574444.4117596,150213235.8274517,3383725.020281504,1411119021.4901977,162877987.29411793,3609068.6843754626,1504443898.811769,176481795.0431376,3824720.8254590556,1654448217.4980445,198657589.5882342,4253787.36094242
LSO,182341166.3960785,23596255.90196082,246962.70193006675,201995092.0784316,26563788.090196047,260255.80816987858,221589337.80392146,29603078.38039216,275179.6172057822,238554070.03137255,32162641.262745082,290454.8701917001,245692417.29803944,33341162.764705848,302899.2063789067
LTU,542899200.2274506,55141476.9568627,1161665.3219507644,579960748.8901951,60616502.67450978,1106370.249664934,623112356.6549016,67142334.61568621,1069543.1414471269,662967038.3058827,73575416.27843134,1059222.2492063,693197555.1137253,79022854.94901964,1043818.9579185783
LVA,218501217.37647048,25376583.01176466,680581.8232018696,225430406.98823544,26445384.992156934,641539.4334746258,235644937.33333343,28137035.80784305,608607.5138113609,242902185.16078433,29399753.84705883,585191.3040920896,250037526.12549073,30775434.650980428,569421.2179949599
MAC,457981545.15294194,18870046.929411765,989903.2473744958,606361976.8392166,29266456.937254917,1337371.1591636182,684018790.0078417,35090561.30588239,1513624.149405398,757371500.7529408,40457678.14509809,1704220.5050596667,828041189.1725501,46073919.05882358,1964272.797646673
MAR,1652226495.5254912,161856085.05490196,9096695.914630845,1772472850.8980398,176218208.51372543,10116712.480863063,1937105305.1411767,197097215.17254892,11471717.285525749,2055064134.0117662,212983580.4431372,12497337.311634568,2418162418.2549043,262243491.47451013,13901614.851969708
MDA,418926183.66666704,37591094.89803925,926061.4756238644,441904293.50588185,40963633.21568622,884518.9642112842,456617523.3607846,42880845.250980385,804802.9149124831,470786637.3254905,44993057.913725495,715029.8487794276,478586212.7725492,45994188.956862785,630957.2480924802
MDG,647200999.027453,72314918.27058817,1230355.1940594006,688178552.6313713,77605400.66274498,1443756.674405234,728153829.4156859,83242625.66274497,1901512.5396982678,762312013.6666667,88301105.88235268,2465234.156779686,767102037.9607852,89366459.4431369,3184517.214524959
MEX,24920199568.69407,2692287114.5490136,52105379.21717014,27188280203.32551,2968847759.631369,59060807.64750902,29902050998.890156,3313915539.717647,64586811.72892124,33169368986.94507,3732340071.4117656,69848721.23359394,35032607163.86274,4029128538.6666636,70483384.55920179
MKD,142514596.90196094,19556962.588235304,412761.3021645522,157960784.26666668,22419799.81960784,465219.19854331017,166281036.6117648,24219598.60784314,482026.8707779915,173478635.42745107,25702887.419607833,498669.02886783803,181024670.2039217,27412841.48235301,514008.85868656146
MLI,915500685.9882356,116564992.35294105,1792025.679686272,989808124.8862755,127237311.45882408,2332237.413111969,1173808368.8862731,155336221.6431371,3232500.327171603,1271215993.9529433,171537275.62745136,3911701.74094761,1345053808.6039262,187200940.81176487,4798774.559501637
MLT,168215399.5921567,16669430.101960778,282037.54461027554,170301812.1137258,16975612.18823527,285223.7941737345,176043238.56470606,17760142.18823528,296265.6804918087,179375820.6901959,18337978.788235288,318782.7826319345,186449333.79607832,19240667.98823532,361501.39258341736
MMR,1283517094.062745,148673128.2666664,6569492.261888808,1364402776.1215687,160460395.54509795,7433359.280605951,1466718068.8470597,175851556.99607825,8312931.402071794,1550679233.9764695,188970308.2039215,9134197.036884045,1582594910.4392147,195114581.09803927,9579294.447444547
MNE,43113892.937254936,5157130.282352942,124921.26088194021,46262033.419607826,5719164.050980391,132355.34420279102,49566372.19607847,6268081.243137258,143115.6832341631,52687758.95686271,6857763.921568631,153825.39694658646,55517831.647058755,7444716.949019601,164021.33203841074
MNG,403350547.6901968,42023787.04705873,656779.8593125219,467339219.2823528,48719034.88235292,831091.7195596118,525503305.4901971,54848441.9607842,1027799.386022276,574546194.1960776,60092037.88627451,1240229.3231888504,583968262.6078427,61643994.01176481,1495414.0678489662
MOZ,1328129870.4352946,181537079.17647055,3194730.98482611,1535177369.3921587,213278014.69803932,3715844.0442766044,1808992264.5725486,257146713.090196,4607335.212064395,2031679283.5137289,295171813.0666663,5682052.159999439,2143529735.964709,319400424.5254898,6683207.6511525735
MRT,187665000.65098032,24986539.243137278,529373.509956936,234197518.84313762,31068556.725490194,698088.7963978369,299161686.71764654,39129776.61176465,888586.2758699834,369030522.8980382,47926280.8196078,1099187.479795496,403251848.27450883,53175135.57254903,1326579.761005742
MUS,173569314.1254899,23016741.505882364,506099.0595282134,186706461.8078432,24899675.423529427,521984.05388349795,200361581.61960804,27019139.67450982,533983.4334549173,218727004.65490177,30215881.72549022,560684.3291593967,222750028.31764722,30896243.780392203,564883.8611469632
MWI,484842605.39215684,64219481.80392152,999125.1131089953,524024332.11372554,70111165.59215684,1195024.0039775784,562901725.3647064,76335988.80784324,1417446.1998084127,611210698.3137262,84313403.77647059,1686826.903784805,654540682.4117658,93033341.50196084,2057145.6239361991
MYS,6170257684.070589,585569842.6509805,10391868.82486688,6576152217.788246,636242180.1843146,12248710.571516575,7159424857.364713,710397756.352942,14515171.217770942,7699638780.866693,779567548.5607834,16500177.351572974,8108247764.568618,836215141.5294111,18586438.11211945
NAM,221915084.94901973,21632719.45882354,222596.64100758792,235970978.33333364,23095533.83529412,263237.5086824568,251487903.50980443,24716174.603921607,306868.9694250274,266265639.74901995,26319519.427450992,355928.4749988279,278344664.76470643,27977533.098039247,378374.03783475293
NCL,70705838.4392157,5411731.454901962,76089.03693515013,98444931.82745099,8037655.576470581,107912.79459902512,111898176.00000009,9271535.38431372,120727.999651714,122984028.0156862,10288914.647058822,131419.8861331993,123710212.95294122,10366918.105882354,144394.3209544546
NER,317025174.30980414,44190057.56470591,1422456.8323673108,404371331.8862746,57054383.3882353,1919712.4903587312,467296520.3411765,66843288.199999884,2368895.233194883,529848584.4352944,76770500.19215688,2806602.5511346874,598991692.1098027,89596797.72156844,3214679.596513557
NGA,13084611077.882366,1507109396.9058826,33556542.9370569,15626868941.454906,1834813467.678433,41093743.226676315,18879919240.399982,2259343584.019609,48962964.476819925,22303243616.882343,2714364848.3450956,57281680.31455146,23263736709.470577,2894223280.8235254,65332936.102111384
NIC,390584896.41960806,49803039.77647056,1357992.5956028008,440708603.15686285,57028192.40392155,1533211.3007716378,476480591.0117647,62660828.98823526,1676227.3371644546,509502032.1294108,68133173.79999967,1759297.1135319278,530062059.4627451,71652185.01960762,1871306.2836149174
NLD,4395939803.835298,470319530.5450975,6897118.042231364,5060640163.784304,553847658.2666667,7688846.342300391,5374198744.270584,597552821.509806,8026082.198810049,5753576449.247056,648820658.2431352,8442073.12610556,5948548629.309808,677471466.3568611,8846308.414710604
NOR,334403050.0196084,44946577.88627453,908829.3710739594,365478983.862745,50158770.96862742,1008375.1244244748,396245835.49803984,55598991.898039185,1140479.0108983896,439220309.17647064,63730561.51764702,1304019.2865100298,467809931.12548983,69119488.24705887,1407594.06786136
NPL,647351106.1843125,63526723.67058839,1739671.9596633138,750276837.792154,76728863.60392159,2415447.4392120764,863401086.1058805,92965048.05882342,3195532.050229891,961934774.286271,108896068.5607844,3948278.625461032,990900308.7921525,114347374.31764713,4412764.57402129
NZL,2982633216.6274514,277130999.5490193,1629203.9842321484,3196865098.3882394,296309094.4509797,1896691.0337911178,3283995473.486278,305233340.7764707,2010621.213717823,3378122709.6509805,315167971.2117643,2158177.3743201634,3681870489.074506,347976578.1843138,2519124.5234699566
OMN,412996174.83137274,47672110.57647066,509139.2136953224,428697321.6392153,49391213.96470594,567398.2450982785,452001956.18431294,52250647.717647105,1215705.7312238864,475381568.45882404,55313966.89019602,1176764.780898562,512413607.4588244,60937587.87058824,1119832.215318574
PAK,6996047508.690201,792174187.2941184,45546776.69257642,7716030457.584315,888997582.6509811,52944181.47571397,8461331854.6941185,995964935.2392161,60292671.90693658,9228001628.549011,1111354840.839216,67029380.86707474,9771984199.094122,1210262504.6431365,74510314.20580126
PAN,641447321.0509788,66937340.9568629,1162966.5479354598,671981411.7176465,70705770.85490206,1305034.6184077398,714703357.0549017,76429019.64313738,1480444.6983479697,765437400.3490195,83392142.50196081,1675053.9826560176,878198284.0352944,99016767.53725493,2045008.3143367935
PER,3709444933.0470495,410152760.60784227,11658728.630710721,3943766874.576461,439124153.1843136,13042689.243565641,4164887227.231369,466787429.2980385,14356051.074264793,4365637635.61569,492168655.9215685,15633436.955107976,4571774905.698034,517684769.2117646,16988293.395519823
PHL,4877961142.21961,549771199.4117634,22622562.387611944,5093079573.411791,582754653.1568595,25136794.031095214,5318246505.458851,618898323.7725487,27918138.535826053,5550851792.294128,658011030.3568578,30307471.789883576,5622696688.360796,672105674.3254858,33102826.50524028
PNG,81352817.38039207,11336009.466666665,290081.37572423415,86295238.72549015,12316757.627450977,332403.8064572973,88116299.10980387,12659327.815686274,364692.05988961866,89714040.67450976,12966421.929411773,396006.0787918641,89851582.04705879,13009200.866666678,478540.4149548602
POL,4022960286.027448,436003761.61568564,10535014.50591834,4351467188.149018,485801917.843138,10708043.655696454,4718110670.160787,546343484.0627449,10963948.794626798,5090764799.423533,609097008.9098046,11168124.002981573,5496139470.14902,680628934.1176469,11495516.840394568
PRI,1005020747.6705873,108726414.72156864,1284011.4576428682,1126089179.5137248,123951698.0,1381294.1214545006,1161019023.9843156,128552634.3254904,1352007.4638090176,1247796692.5647051,141178946.29411718,1353027.1157983784,1287748127.164705,146605203.278431,1227116.1530851922
PRK,1080032532.4274516,88516079.21960782,7201727.011308156,1342676177.7882361,107085821.7294118,7964650.869062964,1419906529.0392158,116657904.65098043,8183368.355065081,1502770783.5215697,127341972.10588232,8352332.030701521,1661536808.5882347,145447690.12941164,8610414.897901172
PRT,1499901774.1529396,134866438.70196092,2895713.7077271263,1625117020.8039222,150863069.93725467,3080594.474450215,1780375902.1882348,172165560.37647048,3261769.9737827824,1874473023.2588196,186769418.8470587,3342346.56017787,1972396157.2313683,202358469.06274438,3503868.160862211
PRY,1102217688.19216,140262726.643137,2009334.203173715,1184866592.8941166,153631969.00392103,2273282.4163965266,1258698083.7137237,165694727.76862773,2419381.1825286094,1323803724.1215677,176310899.7686276,2435770.7797983284,1376037960.090192,184737199.54509813,2255490.741127599
PSE,824115554.5921559,80250566.99215677,2380194.550303614,907316720.2274506,90472730.21960793,2741933.1890645716,1036230022.0352951,105556640.78039227,3298149.5018999325,1109258231.7411776,114242376.48627445,3736697.310899348,1153585385.827449,119788250.61568618,4157737.5770314876
QAT,771767892.9058814,76359914.09411764,449946.647206766,821505668.7254887,82481857.96862718,639982.7871043946,887079118.7921565,90791529.87450966,1260245.7459704073,960744774.5294095,100873974.70588264,1701119.0137312727,1059998168.5843141,118934747.8156865,2084395.761073179
REU,50244803.423529394,5355722.764705878,110503.23041700918,75812698.90588233,8019766.91372549,142599.85387330604,96176146.00000001,10280355.623529417,155034.0228459189,119591411.75294124,12910564.019607825,168490.88238277903,138230065.0745099,15234890.184313724,207544.108256301
ROU,2036425364.2117639,205901250.09803918,5904630.484520042,2163457295.5098066,225902470.08235288,5793634.450687692,2356557205.792157,260563447.01176503,5828276.589996183,2528152232.9176474,290978263.38431346,5833145.674006518,2629465958.427455,312445693.90980405,5913095.135391917
RUS,24281803904.725475,2169717147.149019,60451255.5333448,25737054691.24315,2352512194.725487,60974046.648185484,27414312958.078434,2574628588.0588217,62018081.88809483,29465861394.074516,2852648703.682352,64347424.35992126,31023946969.580437,3081856325.239215,66713889.57810514
RWA,569349362.2666665,54982318.490196064,1494931.6977409227,644269338.568628,63678881.219607905,1922411.9081618479,721311523.431373,72755204.68235306,2297667.471945158,803661078.6509805,84174340.76078439,2710745.6327841636,854869181.756861,93343032.03921553,3145779.6660598107
SAU,8415280938.999985,736198387.1803927,12591669.993324615,8888301831.870579,787212572.8627461,14734274.799995339,9554045022.066664,859911923.1058841,18187784.167522125,10242253303.27844,936226050.1568629,20770988.92674026,11820859580.792173,1130787488.596077,24070053.929789208
SDN,2625005261.5882344,330135682.0862745,7057668.297475535,2715841223.105875,342652323.9333333,8031329.030222386,2834651032.9019566,359969472.64313745,9195865.964565149,2987987478.349017,383182355.62745166,10269622.49652936,3313311715.5960693,436827702.4235307,11504717.03934497
SEN,991513997.8784323,119383219.21176468,3747598.836332936,1069807630.9882349,130245601.34509787,4332874.232091692,1176326678.7647054,145587207.0745098,5022803.6074211905,1279846160.5607853,160951094.6823526,5734526.085399066,1376250257.6156874,179310728.0588234,6364819.5505391285
SGP,2022281893.941177,143621577.40784335,4742545.797851082,2065451791.4196067,148657061.08627447,5222350.445267541,2126843060.8039207,155526263.63921565,6216132.939800954,2193663667.678426,163643410.5333333,6869224.7720512925,2260970575.1843114,171347727.76862764,7287285.439692631
SLE,341116656.2313722,30507059.866666656,1046661.6350408763,417373601.6392162,38594059.32156865,1349851.853066573,515279810.56078327,49294531.023529455,1652097.1585679934,611746293.3607837,60099162.560784325,1944458.9949373775,629366131.0078429,62848994.28235289,2406986.8164918395
SLV,634920809.9137255,60097742.85490197,1908965.7679835663,664678929.1607836,63247992.745098,1958979.7300741684,687972054.4666657,65867158.317647174,1950358.8555148402,711209090.9882321,68652302.05882342,1958350.8233880398,746562283.3725476,73638977.49411748,2021300.603683386
SOM,381308050.95686245,47850787.643137224,2585480.66934755,439151468.6509805,56101690.45098037,3115708.0788246817,499551360.38039196,64951485.58823521,3602748.647892898,557444704.243138,73782054.69019607,4352304.677850343,589964009.4862739,80258341.53725499,6484981.371268283
SRB,507036345.0509804,55211880.41960785,1637735.5327356805,543022846.219608,61311179.76078427,1731316.5857028575,590850956.0509813,69986040.43137246,1824922.9729800741,643233596.7137252,79515166.027451,1939036.5973726748,664869599.2549022,83517351.93333337,2060462.7476241258
SSD,116717505.33725502,16444630.117647063,544742.1678640076,152629409.37647048,21147214.462745097,748730.8825678987,202061512.99215692,28130618.592156876,995408.1551908543,250847042.12941176,35633386.17254903,1091026.0929473343,282890842.8313728,41526670.439215705,901179.006685308
SUR,160100978.49411744,21760085.815686256,206407.50020162264,175882153.52156883,24654639.188235246,236093.93523601384,193963059.50196093,28071422.349019516,258137.8185562331,207098677.94117656,30623033.84313726,273975.76353018696,212417321.53725463,31666982.81568622,296575.6972533209
SVK,281584392.2274511,30771276.596078455,615055.9306591357,287844518.79999983,31743882.22745098,599555.9393609605,294210118.0470587,32744121.909803938,584416.1530948218,300273854.3725491,33704108.74901965,576285.6238957349,306529276.54901916,34769002.1843137,573205.0691667155
SVN,249883740.78823537,28024760.439215705,531339.4956548095,254107145.43137252,28736360.890196092,530697.7974019302,260059260.35294092,29910666.91764706,539805.3225843031,265739473.5254901,31168720.768627394,547228.5125077142,269514925.7019607,31903906.858823508,556528.1981006666
SWE,1143058528.564705,123593286.3647059,2303040.5054512303,1203755525.4392133,132843344.1686275,2467638.823145046,1257948081.8745105,141376126.28627473,2707749.5028713197,1331616203.2039216,152867525.2862745,3008328.09600461,1392277651.6862733,162393157.51764694,3324895.614988975
SYR,1586324710.815689,143584611.0941176,6059887.196063626,1716683204.4588234,159498465.90196067,7366147.618744415,1819550511.3176448,173021878.82745078,9740185.701075302,1916834590.5019596,185722347.69019574,6974844.41121351,1978712601.6588216,194186110.82352936,8345716.992074002
TCD,415182464.227451,57395451.48627461,1099832.928128139,447551088.0509804,62387644.027451105,1316668.8968185668,479218914.35686207,67344291.47058825,1541739.4172422625,511546161.21960765,72760951.5803921,1790639.621872876,535611704.831371,77762648.34117638,2077686.9006437557
TGO,814393949.0901968,78972776.38823551,1211142.5479599698,932470274.3176465,90002883.59999993,1594255.8507772498,1051884956.6862731,101797186.2509803,1835914.751035088,1155114107.3725467,111725807.86666662,2053278.4778723824,1205598874.329411,117204060.98039196,2343013.7812189506
THA,6210087935.18038,600352839.847058,11739504.99120145,7373115820.5843525,751130476.0862767,14592604.086837793,8778687036.74511,948778110.8980366,18004223.410452724,9770908875.54116,1101004607.564712,20349589.061131675,10026313136.564611,1147778582.6274533,22918981.97686798
TJK,559007647.368628,67029905.09803915,1079628.7903950615,641496994.2862748,79333801.85882363,1268638.493800306,701401135.1372547,88410970.45098054,1437537.609685863,805423447.1372545,104464858.07058817,1752446.434152904,821428610.5843115,107658738.58823532,1983009.4306765029
TKM,579661187.4549016,73328213.43137255,1215955.6242561352,647335584.5098041,83708172.09019607,1364448.1993566314,696097972.3647063,91186958.4549019,1507600.1696781341,743868365.2078434,99026513.41176467,1685056.7943537529,800541126.7411779,109362967.94509801,1875349.0276701842
TLS,58359919.26274512,7476051.333333321,140034.45395010314,60576271.12156861,7789797.015686267,159026.00519425317,62329167.2196078,8043272.47843137,205208.97437102607,63764965.34117646,8245438.27843137,258142.3372890851,64361108.83529414,8345596.850980388,315917.58187964343
TUN,1587921432.5803926,201114815.8980394,2960426.9404634926,1723671055.6627455,220610603.8078429,3278038.556236085,1852413222.462744,240529080.9058819,3590136.2626941428,2038636502.4980383,268270379.9960783,4132844.636819394,2099697386.3215659,278765380.0549023,4534251.1127874
TUR,8461573490.137247,739773602.2078424,27831868.181648035,9345980526.66275,835853684.1019615,32473712.428421363,10207597839.643145,938995615.3215683,37088636.68370427,11029227382.168633,1042805797.5686277,40792844.878049016,11772466403.06667,1142975204.8823526,44293606.537920296
TWN,6911284969.517651,488552456.09411824,15342631.897445578,7472488285.33725,542267275.8235278,16363869.959322577,7979564558.666649,596227177.2313709,17070303.532072388,8443521545.46664,647262444.3529391,17749941.945427533,8793410975.921535,685770751.2901981,18414258.152723964
TZA,2442928336.2352934,303586887.3450973,4823809.224888446,2700460069.313729,338683437.45882326,6180496.409089797,3052651615.2352996,392043647.9098034,7993589.061400323,3410562825.8941183,450223281.7882353,10239588.63201062,3586533855.725496,487714402.3686269,12781436.386970412
UGA,920444826.1529396,111250861.18431404,1987535.4235735037,1044853870.270586,129028850.79215726,2563811.5295720133,1173751289.3607817,149935969.72549036,3200682.5051099956,1292877498.4745092,171373711.52156848,3933960.0764710703,1327875775.1568484,179368794.50980395,4654691.815477732
UKR,7504722077.286274,747792781.5333332,18218655.323674414,7899191807.396075,802733607.9725491,18142649.25557814,8240636361.847053,854462922.4941181,18138464.31115798,8543225422.003924,904010676.2901955,18136489.476943746,8780261991.29413,943598139.858824,17956169.133630183
URY,887426283.3686277,97768657.19215688,1630952.8404451609,924859474.188236,103535566.66274506,1647288.400656217,950539993.8078439,107435408.32156838,1670046.5539595797,976723301.207845,111515712.8509807,1690925.3368088116,1008982035.2745092,116839207.1843137,1698637.8935181843
USA,58632131347.65874,6791615035.427449,51475226.87894295,157986490343.54926,18495942621.341156,152986102.51601386,172181814664.5645,20586975889.913723,169477916.83820456,184594069889.8783,22463265745.325455,184128301.3134908,191356518189.58008,23564249925.60386,195976048.3881824
UZB,5063930751.501962,646121050.3058829,8669930.636375725,5686526306.670585,743329167.8431376,9632021.896177666,6285970415.02745,837159617.5568625,10582106.786011158,6748233431.894129,912113584.1529429,11429102.973525578,7061034488.1058855,968447302.3176498,12390547.418551845
VAT,856835323.2313734,79300096.17254914,2245363.3443433633,905502400.6431376,85169994.94117627,2335844.7728994773,1065738034.6588229,105487578.07451005,2629664.1268366957,1104688818.8156912,111093077.94117647,2704780.7096247408,1122979946.8313754,113934861.06274547,2786678.9006780926
VEN,5360474292.180393,522288334.89803946,13232421.675167322,5773657962.941181,570163516.3333333,14656541.717663042,4794491654.078434,461093116.0784317,12546040.142171413,6773094334.95294,692379308.8784319,17787151.557273842,6986571050.321565,719862884.2156866,16502226.06440278
VNM,3913218336.137275,430765710.5843146,14901941.612771373,5044414391.290187,582804229.6196091,18889629.194512416,6541409320.701941,801650030.203923,23522437.9197126,8135632923.5646925,1049466230.8274465,28494027.610348426,8497970154.039207,1118485914.0941145,31340935.695858598
YEM,645530732.1960788,57705465.160784215,2926617.936750546,674564533.1882356,61141905.81176468,3584487.8057552953,702842843.6862757,64595707.556862645,4210911.63559089,727830959.9882362,67652198.68235302,4898280.799235345,756088511.443137,71981211.38039215,5938188.328669114
ZAF,10546930596.682377,1295685064.5176454,15185761.891278597,11268266586.690226,1398518038.2509754,18115067.758501425,11932170578.878456,1495141599.3294115,20558247.80098929,12582857223.262747,1592930126.4156795,22946463.58281132,13450093335.862728,1735654850.3176415,26816275.76949421
ZMB,1325248723.9019606,196575873.25490192,2589306.5854323404,1403512826.7803926,209974101.77647072,3184391.4509844435,1484637407.4352934,224493470.72156867,3928934.4342462067,1553788430.560784,237247922.76078445,4694974.5641790815,1601239721.650981,247777882.45882368,5658418.810306642
ZWE,763935778.403923,112941058.09019636,2399271.363829381,814709474.6862737,122141318.2627452,2582170.72957982,890921537.9254913,136203119.95686287,2774971.525246875,952946673.5960764,147882134.6549024,2871612.26258183,1124651882.7490175,184677858.45098054,2913971.2905229945
