geo,urban_built_area_2000,urban_population_2000,urban_built_area_2005,urban_population_2005,urban_builtuparea_growthrate_2000-2005,urban_population_growthrate_2000-2005,rateratio_2000-2005,urban_built_area_2010,urban_population_2010,urban_builtuparea_growthrate_2005-2010,urban_population_growthrate_2005-2010,rateratio_2005-2010,urban_built_area_2015,urban_population_2015,urban_builtuparea_growthrate_2010-2015,urban_population_growthrate_2010-2015,rateratio_2010-2015,urban_built_area_2020,urban_population_2020,urban_builtuparea_growthrate_2015-2020,urban_population_growthrate_2015-2020,rateratio_2015-2020
global,86855347125.88231,1989172744.330064,98065577950.5097,2248691895.75833,0.12906782593799365,0.13046586937610066,0.9892842208863316,111950644251.19212,2510204229.3568435,0.14158960351704378,0.11629531555292211,1.21750048868143,125819051511.85095,2755511533.0620465,0.12387965565916026,0.09772404206651142,1.2676476846388243,135924404402.43915,2985964378.928599,0.08031655595207192,0.08363341728076998,0.9603404782855774
AFG,84221597.76862752,3869256.9216011725,94322976.50196084,4777468.961423881,0.11993810377575234,0.2347251832134407,0.510972457806924,111958510.34509805,5723072.191004288,0.18696964935972504,0.19792974841192448,0.9446263174680055,130070818.31764704,6832927.365021722,0.16177696466950192,0.19392646763427876,0.8342180757636095,142564288.41960782,8425116.408258624,0.09605129162369357,0.23301711816628395,0.412207018864383
AGO,475484937.0705881,9563508.067214934,497471805.7921572,11039050.047755513,0.046240936373353504,0.1542887787797186,0.29970381993477746,512675746.5490192,14271898.553434392,0.03056241696482036,0.2928556797635128,0.10435999393797028,535555229.16862816,19722622.47589246,0.044627589219146585,0.3819200299140584,0.11685061197023082,618483923.243137,26027327.164743315,0.15484620363663262,0.31966867978927643,0.48439591810716726
ALB,17058818.12549021,497038.3328163867,22178302.294117637,622546.9673108001,0.30010778771230434,0.2525129878479174,1.1884845618042115,28122861.231372587,753263.7495387549,0.2680348954767214,0.20997095655707504,1.276533192360169,32827264.49019604,893409.2560476807,0.16728039228012248,0.18605104333607045,0.899110208040909,35603813.54901961,1035787.748932048,0.08458057964753034,0.1593653657834597,0.5307337590681753
ARE,200272978.9960783,2228978.412546383,216052235.5333339,2954874.9672672614,0.07878874432463788,0.3256633400462656,0.2419331089383432,234222747.46666706,5148886.456216905,0.08410240184961983,0.7425056942354207,0.11326835942480208,255559417.9450985,5678233.454956538,0.09109563741868376,0.10280805437076299,0.8860749089770728,307795117.537256,6287206.594641633,0.20439747441974235,0.10724693595567504,1.9058584061014054
ARG,1200318314.7960823,21562746.592706162,1290414357.2862735,23074562.51894975,0.075060124784897,0.07011240055823764,1.0705684613173332,1378148391.090196,24541627.336388726,0.06798904034857925,0.06357931233730489,1.0693579066706416,1464033139.5490193,25830860.08216691,0.062318941134403956,0.05253248809082004,1.1862933472076318,1524018329.8823516,26747623.199352637,0.0409725631974493,0.03549100240059916,1.1544493090101506
ARM,62193960.32156876,1478921.317586455,66542803.278431244,1448220.1481534208,0.06992387901296447,-0.02075916349839181,-3.3683379881073434,70348019.90588248,1410959.1323494578,0.057184495392075436,-0.02572883401150942,-2.222584022520989,73229151.99215698,1400391.4979958492,0.04095541125576991,-0.007489681388582745,-5.468244793190036,75201770.98823513,1312607.5140167463,0.02693761900027766,-0.06268531628814782,-0.4297277352235498
AUS,1471647483.027446,10577363.396194588,1560207255.368623,11488566.607687704,0.06017730017720919,0.08614653551762615,0.6985457954359234,1639642864.7686245,12751847.481013324,0.050913498271890574,0.10995983367326967,0.46301905496849827,1728889630.9882345,14131709.974104844,0.05443061299339956,0.1082088297516141,0.5030145240304444,1883257690.8862727,15971386.37220303,0.08928739991910371,0.13018073548560197,0.6858726030855689
AUT,133171669.5803924,2421217.973007192,139911574.44705868,2553651.6524251904,0.050610650808110204,0.054697132143585465,0.9252889287733068,146753895.91764706,2680022.6554282443,0.04890461348626636,0.04948639055097429,0.988243695726633,152991838.45098078,2844497.732660575,0.042506146050352384,0.06137077867576791,0.692612135083367,158284565.21176487,3078153.989116775,0.034594830772491834,0.0821432387775721,0.4211525049087473
AZE,117427471.47450969,2328908.5762571,155967138.1058821,2572861.6415503044,0.32819974872522345,0.10474995359640657,3.133173213515221,178128049.29803917,2802662.091703969,0.14208705411464678,0.08931706487535647,1.5908164281140649,199332296.80784297,2970223.5313674635,0.11903935170999044,0.05978652944266288,1.9910731199768477,218118643.75294095,3125718.370653901,0.09424637776189418,0.052351224628150755,1.8002707373384959
BDI,23407784.156862736,343397.30735488026,25936796.26274507,488587.95586292783,0.10804149973934526,0.4228066015613857,0.2555340889672914,28429537.529411722,676332.5592775468,0.0961082950035413,0.38425958143612177,0.25011294355848895,30828974.39999995,886855.7096747438,0.08439943379683526,0.3112716481106221,0.2711439808576486,32109054.552941162,1081814.8342097146,0.041521983064776044,0.21983184232581915,0.18888065816796054
BEL,420844027.7647049,5431631.449658409,468806732.5215693,5795936.115989282,0.11396788737056883,0.06707094722963648,1.6992139231367542,515635260.0000007,6134206.152246489,0.09988876914492023,0.0583633134471617,1.711499283455744,597152498.8549012,6762405.426708722,0.15809089326998385,0.10240922115605312,1.5437173672972468,649664768.1764708,7198454.966095028,0.08793778711847813,0.06448142515444141,1.363769285617613
BEN,95680421.58823529,1663048.9830685365,113150341.45098042,1963434.8032990098,0.18258615057036087,0.180623555462704,1.0108656653481838,139862836.52549005,2345718.726293752,0.23607966827110413,0.1947016128839214,1.2125203524217942,165739159.6862744,2780999.735145713,0.1850121433513784,0.18556402520591525,0.9970259221639299,172082838.76078475,3313405.169237463,0.038275076852798136,0.19144389960319563,0.1999284225411758
BFA,107643212.76862799,1366170.9437614512,127600733.95294085,1926059.9576878618,0.18540436197505777,0.4098235411045117,0.4524004684439946,148850975.611765,2502458.8358445275,0.16653698611687637,0.29926320614058327,0.5564900151428679,167692130.51764682,3130914.5825509126,0.12657730208650805,0.2511352984930497,0.5040203541518921,177790692.52941176,4010718.291360347,0.0602208462650681,0.281005337454021,0.21430499082574056
BGD,257278091.56078494,23566354.4820046,284961177.2901969,26918186.115280196,0.10759985648786387,0.14222953473075658,0.7565225935074076,314635598.2274517,29964828.27212811,0.1041349604863372,0.11318155479720368,0.9200700650642591,341104077.1411767,33222287.090533245,0.08412423471100947,0.10870941054032582,0.7738450083841043,345922395.30196095,35882921.99181949,0.014125653968041054,0.08008584400092073,0.17638140852806214
BGR,71164958.11764702,2029121.446446186,76856229.10588236,2065778.2430340438,0.07997294087950928,0.018065353679080565,4.42686826398073,82224395.97647057,2102261.315805924,0.06984686775606258,0.017660691748934775,3.954933858141512,88361409.84313726,2137087.4984185738,0.07463738460812609,0.01656605786864258,4.505440292431012,92273550.92156863,2158878.6811263775,0.044274317095849405,0.010196673146948394,4.342035530392536
BHR,46218232.69803917,541426.7108154309,47739477.14117647,685521.5852869323,0.03291437933328512,0.2661392051649674,0.12367354637917032,49457682.909803994,925659.6978796348,0.035991298428895646,0.35029985597344854,0.10274425699913407,52338833.925490275,1036924.825425026,0.058254872573400535,0.12020089866747036,0.4846458988177756,69825355.21568623,1404826.3304868897,0.3341022330587231,0.3548005564540942,0.9416620886893983
BHS,13146640.341176491,186454.69773233368,14258763.792156884,199619.85928144897,0.08459373818093432,0.07060782972609587,1.1980787188771136,15793686.760784304,216332.22263879253,0.10764768888812876,0.08372094548859686,1.2857916051938378,17846504.713725507,240752.0148935962,0.12997712212694676,0.11288097518221835,1.151452863665741,18495553.38823529,256117.98959217468,0.036368391733906734,0.06382490591146116,0.5698150465643851
BIH,15957345.78039218,523072.112867158,18959690.564705867,530255.5268942881,0.18814813100076222,0.013733123694465528,13.700315761124779,22680091.301960792,520082.18688129983,0.1962268700830267,-0.019185731212597937,-10.227750399952344,26277821.890196018,498707.60380902945,0.15862945789482719,-0.04109847176355759,-3.8597410338621265,28958526.9254902,439482.91837834043,0.1020139738558136,-0.11875633132188612,-0.8590192431871883
BLR,163578528.37254894,4518885.538839704,179452095.74901962,4636881.784143434,0.0970394313630133,0.02611180218873766,3.71630539560642,201640287.28235286,4833696.313006576,0.12364409254024808,0.042445448908398166,2.9130117767651673,222741134.95686242,5062229.969744398,0.1046459909321715,0.047279274894221346,2.2133586262965665,233934551.50588226,5287996.645128858,0.05025302825716335,0.04459826533638483,1.1267933377705874
BOL,206901227.49803945,3987591.450140643,226879615.03529376,4512936.620593453,0.09656002421466356,0.13174498366282758,0.7329313157136046,249068904.02745077,5023300.519479178,0.0978020391506095,0.11308909071685834,0.8648229332347972,268987353.8,5554503.649548023,0.07997164419350382,0.10574783013856415,0.7562485593199868,284934746.48627484,6263917.153302238,0.05928677486500789,0.12771861331154966,0.46419839150920816
BRA,3483539339.6470623,74601678.76744041,3878104858.2548985,83314304.69032367,0.1132656990886206,0.11678860404795403,0.9698351993496993,4237714337.156863,90627030.20234385,0.0927281473930503,0.08777274849980839,1.0564571461864696,4548156775.792162,96762178.1222292,0.07325704706268109,0.06769666738706265,1.0821366825020557,4749407548.77255,101117542.04856302,0.04424886451838183,0.045011015779658804,0.9830674503102105
BWA,35048030.88627453,173777.85242148588,38399620.25882353,221527.39398945213,0.09562846436150406,0.274773458772831,0.34802656991905795,41850470.55294111,254682.60167342008,0.08986678177695372,0.14966640056058536,0.6004472709997152,44676883.65490199,287862.3880965815,0.06753599337396803,0.13027896764502161,0.518395214475349,48117774.305882394,336698.9573033455,0.07701724850727962,0.1696524840556061,0.4539706502737448
CAF,31061842.827451028,781353.4579448019,32153080.376470633,875813.2969926794,0.035131127122155784,0.12089258463939698,0.29059786608869564,33614407.7137255,986648.6612804887,0.04544906180510949,0.12655136051072743,0.35913530776507846,35324284.48235299,1070628.4650815187,0.050867377559929663,0.08511621927509604,0.5976226152095179,38639418.12941175,1184859.2391299605,0.09384857175847142,0.10669506535093305,0.8795961786029377
CAN,1891567202.1960752,18675478.150673494,2012215683.3097975,20474301.477854628,0.06378228644145005,0.09632006809508453,0.6621910439108694,2174701654.8666663,22289145.89827531,0.08074977891515256,0.08864011416377983,0.9109845996582502,2304348975.8548975,23586799.99465516,0.05961614122934947,0.05821910369747546,1.0239962047360511,2388051988.415681,25052670.756552972,0.03632393072309291,0.06214792859692643,0.5844753243294634
CHE,407715809.2980406,6684808.951893602,453955781.6980382,7200209.445364253,0.11341226252572445,0.07710025779041209,1.470971249331257,558304095.1686279,8331469.4972676635,0.22986448829943515,0.15711488123887227,1.4630344782551614,595463855.6196071,8833357.187701164,0.06655828028586402,0.06023999614931031,1.1048852015344302,615243489.0196073,9123514.067033112,0.033217185582857266,0.03284785989815273,1.0112435235004549
CHL,270705819.43921536,8400498.137325864,325537061.7490208,9365797.58385111,0.20254918207296735,0.11490978638946883,1.7626799982593164,384138661.07843137,10202773.896951558,0.18001513872048955,0.08936519347200035,2.0143764224814373,426933942.611765,10764757.732787909,0.11140581740247163,0.055081475049080876,2.02256416160247,440244348.9490194,11523449.469453892,0.031176734873381205,0.07047922075896948,0.4423535694300866
CHN,10022537801.341171,343518043.7454881,12920059314.952944,406094863.78023136,0.2891005822122256,0.18216457963153254,1.5870296124361518,17307382578.658806,467699622.1561009,0.3395745450354259,0.15170041256470695,2.238454987000001,21877151808.98822,524058450.13568777,0.26403583612719433,0.12050218839128404,2.191128971615358,25380582218.274544,576954296.3634377,0.1601410658880623,0.10093501252399277,1.5865759748134567
CIV,178167103.5529411,4751405.179693791,191780469.98431394,5436108.464366078,0.0764078562198083,0.1441054296102808,0.5302219106278366,208005961.9607842,6127347.2697614115,0.08460450627635532,0.12715691931579967,0.6653551118695822,226289478.9921571,6876591.973390349,0.08789900471612412,0.12227880527132454,0.7188408859661733,250579727.40000036,8017119.034862714,0.10734148364310446,0.1658564396267434,0.6471951519318413
CMR,242386052.75686288,5849531.807758435,266393403.529412,7194975.301248263,0.0990459248768363,0.23000874902591692,0.43061807560057647,297723848.9450981,8861263.313019086,0.11760968928131497,0.2315905117119356,0.5078346621885963,328380193.9176472,10801108.373106405,0.10296906035969687,0.21891292376305682,0.470365379026899,353579771.2039213,13003119.937080014,0.07673902918942124,0.20386903713107635,0.37641335962205164
COD,454704970.501961,14917134.678768106,479945326.9803922,17042385.008416448,0.05550930408912777,0.14247041240924496,0.3896198737017606,512081453.54901993,19847279.60112377,0.06695789033058053,0.16458345421266524,0.4068324525748585,550335329.4078429,23728111.019793723,0.07470271690900249,0.19553467763159935,0.38204331739942055,643497174.1960794,29214384.374239136,0.16928196285068237,0.23121407978362987,0.7321438340134667
COG,228543668.2941178,7365725.81746082,234445316.09803924,7796109.503627265,0.025822845358054167,0.058430587403375624,0.441940540145286,241065180.22745088,8647336.59522412,0.028236282300659717,0.10918613844518318,0.2586068406003361,249347387.8117643,10567967.22198098,0.03435671454707377,0.2221066111636749,0.15468569065580676,282469517.31764764,13625815.055878844,0.1328352777085745,0.28935061679011026,0.45908067928858376
COL,420761134.7647062,19254694.793378,452823777.41176504,21531210.92122083,0.07620153098262888,0.1182317430773176,0.644509917550627,491133724.7411766,23691633.50436715,0.0846023315038408,0.10033911195477814,0.8431640449635457,519624825.286275,25693933.42999314,0.05801088198557938,0.0845150641578556,0.6863969466700963,546472634.470589,27889401.353427425,0.05166767998338579,0.08544693748102661,0.6046756209941233
CPV,4444829.31372549,13809.860732321897,4460288.635294115,14684.758979447768,0.0034780461694866797,0.06335315497267668,0.054899336441677,4486901.552941175,15278.58852163457,0.00596663575457267,0.04043849429315822,0.14754841541125738,4515066.41568627,15507.474998999047,0.006277129643424627,0.014980865348940563,0.419009816670473,4528617.427450977,15617.266901824956,0.003001287360387001,0.007079934214499525,0.4239145830254243
CRI,89919564.10588208,1630518.3747089487,93091258.63529362,1742462.2771337344,0.03527257456093544,0.06865540687008083,0.5137625158595744,96329020.65098043,1839945.0493441469,0.034780516056523485,0.05594541327503907,0.6216866409679623,99537331.86274514,1954457.6275735407,0.03330575967743999,0.06223695553854291,0.5351444232649518,103100814.67843133,2113997.4729564423,0.03580046550373667,0.08162870513645791,0.4385769129118167
CUB,101104651.98431376,3657380.3808428063,103286735.10196096,3718165.370335039,0.021582420539717085,0.016619816142346568,1.298595625539203,106185152.08235312,3769242.3045281065,0.02806185109376286,0.013737133533806425,2.042773408637544,110263188.78823546,3829791.8645644234,0.03840496176640188,0.016064119826835473,2.390729288650196,117532757.56470609,3912471.087670035,0.0659292448945233,0.02158843770874613,3.05391459002211
CUW,9092898.325490199,80874.51963060621,13076582.501960818,107539.48952817862,0.43810939415248085,0.3297079230808969,1.32878030366588,16923972.87450981,125155.58266967288,0.29421986761235835,0.16381045901169458,1.7960994028553068,20930260.690196086,136856.65082182013,0.2367226563994545,0.09349217911461657,2.5320049082313587,26876774.443137288,165008.45671074864,0.28411083077080834,0.20570287026518436,1.381170959863338
CYP,35840499.066666625,410233.85433572123,38370312.37254903,443256.70739283925,0.07058532586772065,0.08049763009099013,0.8768621608851694,42034127.054901965,484633.248513967,0.09548566211241251,0.09334667796568161,1.0229144110250745,44419545.400000095,515782.3110788496,0.05674956308673826,0.06427347413821716,0.882939094978761,45761498.039215736,552336.068963454,0.030210859366778614,0.07087051474903387,0.4262824881935891
CZE,103297350.06666648,1955993.797881607,110896148.4627451,2021542.5798129174,0.07356237494160761,0.03351175346378986,2.1951216316118245,117805803.66274509,2094743.9844670761,0.06230744075229308,0.03621066673793887,1.7206929991988225,125048991.12941194,2154196.605984663,0.06148413101448442,0.02838180797197149,2.1663218592417786,133402605.58431378,2258795.9444960104,0.06680273370823739,0.04855607803891044,1.375785203547638
DEU,1740024547.658824,29012530.068631962,1839831202.262744,29582949.841864444,0.05735933710717374,0.019661152332564547,2.9173944709319053,1969137758.6823568,30570202.840506162,0.07028174990215585,0.033372364957486515,2.105986494864499,2069621896.698043,31480947.52358391,0.0510295115578531,0.029791908409289095,1.7128648106994762,2147760484.6078486,33163097.910300974,0.03775500637796254,0.0534339185774787,0.7065737902642891
DJI,8984793.325490197,423300.870210361,9723352.035294129,458998.58885768964,0.08220096813007513,0.08433178658382746,0.9747329145975787,10546256.752941187,496012.4580046288,0.08463179309563755,0.0806404857127243,1.0494950811324721,11454522.56078432,537554.8887754434,0.08612210276312784,0.08375279713322639,1.028289271654206,11647276.611764705,657880.5923289545,0.01682776824241438,0.22383891592468722,0.07517802779243377
DNK,111102897.3607843,1558984.9107741765,116609451.46666645,1643089.7021141788,0.04956265081009284,0.053948431930772645,0.9187041965129275,120738289.49019608,1728264.8711595712,0.035407404559397046,0.051838416938403756,0.6830340633563209,125191619.56470564,1836256.5844988807,0.03688415740618199,0.06248562656188973,0.5902822686694128,128903775.84705864,1953371.2632942912,0.029651795345888632,0.0637790381714936,0.4649144326410001
DOM,124832054.46274525,3994289.4462033487,132088765.4588234,4494857.747460026,0.05813179176862649,0.12532098837566158,0.4638631766481997,142595438.0941175,4978489.210129236,0.07954251520784623,0.10759661147063045,0.7392659872895546,153282160.04705882,5373874.407437123,0.07494434671807491,0.0794187113037097,0.9436610779476878,193564839.14117736,6144487.0008591,0.26280083136714305,0.14339981454637177,1.832644150890168
DZA,279230697.41960806,8607749.09248292,328451954.8000001,9751661.10726557,0.17627452080036102,0.13289328051878485,1.326436672435399,375165800.12156886,10896956.493332902,0.14222428771968684,0.11744618413923545,1.2109741049660354,424300918.12941074,12198201.243773721,0.13096907551786469,0.11941359509299329,1.0967685498110376,457295480.69411725,13502856.830724334,0.07776217574585413,0.10695475184232948,0.7270567637844604
ECU,224120462.37647042,5465706.2364262035,250694869.50196058,6210753.198425752,0.11857198063803435,0.13631302704016227,0.8698506900818744,280749291.4705883,6888823.385036282,0.11988447162215543,0.10917680431777606,1.0980763942605707,304493625.5411765,7509234.35954918,0.08457486729962295,0.09006051394212508,0.9390893255836034,321846706.396078,8275986.922759979,0.0569899643188256,0.10210795488567381,0.5581344213840634
EGY,429174539.6509799,26525742.367611226,512213777.3058812,30739940.114053838,0.1934859363335761,0.1588720001890798,1.2178731060432355,588010942.9843127,34800272.01727435,0.14797955275062288,0.13208652613360783,1.1203228450488507,669523469.9411757,39353900.555993326,0.13862416665779245,0.13085037198728278,1.0594098018404197,853275932.7960758,46254190.37683387,0.2744526086158632,0.17533941295152455,1.565264785571856
ERI,9999417.729411758,574220.5204963068,10546638.752941178,625700.0740585086,0.05472528884555475,0.08965119100534286,0.6104245602525609,11481631.572548997,641619.3754637691,0.08865315685028785,0.025442383763841232,3.484467401843136,12212511.42352941,636661.0678140162,0.06365644519789743,-0.007727802244389686,-8.237328438898837,12336344.999999994,493169.45853819913,0.01013989442269818,-0.22538147301592878,-0.04498991992115317
ESH,5116625.30980392,755.4732715936593,5357649.462745102,891.6117538859415,0.04710607839103599,0.1802029104287173,0.26140575798119364,5580853.164705878,1097.1451277315923,0.041660751326275273,0.23051891470684158,0.180725956389551,5776497.125490196,1304.39968925179,0.035056281720794696,0.18890350627424096,0.18557771855172284,5900868.945098036,1241.7896550674943,0.021530664156140418,-0.047999117678576834,-0.4485637486155308
ESP,519434362.61176527,16356796.982721645,579843452.7058817,17624333.510741293,0.11629783172290299,0.0774929547244854,1.5007536122010383,657262810.6196083,19265744.013140514,0.13351768921843213,0.09313319572617314,1.4336208285066907,717684113.9960784,20472049.414538126,0.09192868119148612,0.0626140054894756,1.4681808083167247,736922207.0039219,21769579.709689006,0.026805794684133997,0.06338057655475592,0.42293390406406073
EST,16125112.721568633,365000.18488114164,16874808.537254877,364443.0501032834,0.04649243875879802,-0.0015263958785106861,-30.458965078024832,17688883.937254906,366526.20527973684,0.04824205253664221,0.005715996438573986,8.439832504282933,18780495.5490196,394868.43741442973,0.061711728995272046,0.07732661874220369,0.7980657889750806,21188369.82352944,446046.2175832824,0.12821143447599487,0.129607168666002,0.9892310417365575
ETH,119787437.53725496,4856830.168143602,139807284.12549028,5772758.45180769,0.1671280979026617,0.18858561076970448,0.8862187163725546,162831662.929412,6957821.410261009,0.16468654654113135,0.20528538797292423,0.8022321908408425,185467990.3647058,8308138.562996844,0.13901674298509564,0.1940718327067812,0.7163159179061959,211802567.9450979,10101743.7711934,0.141989879378148,0.2158853267307065,0.6577097273279019
FIN,52180835.184313715,1112730.4274276006,58722673.37254898,1185902.0845631466,0.12536859874181996,0.06575865576418495,1.9064957652327985,66557519.56078452,1284556.4015329028,0.13342114277614076,0.08318926010328903,1.6038265349455334,73621165.21176459,1390188.6469043444,0.1061284389441392,0.08223246970346121,1.2905904361969103,82671729.78431378,1488342.9775120723,0.1229342750351216,0.07060504401780059,1.7411542864292815
FJI,17556357.349019606,167962.0499552395,18107371.67450981,183041.46989168058,0.031385458528558195,0.08977873240091813,0.3495867861934441,19668904.09019609,205220.00018232543,0.08623738683646123,0.12116669683525572,0.7117251611943658,20112884.541176476,212526.12734530348,0.022572709132365167,0.03560143824425985,0.6340392480071967,23348298.38823531,241278.61192682496,0.160862746486466,0.13528917569182286,1.1890289497579434
FRA,1525854420.9098022,23543089.526825972,1660826284.1411748,24711273.421135567,0.08845657972462052,0.04961897175723339,1.7827169042801745,1885623172.8392186,27047496.441907007,0.13535243923134796,0.09454077824954449,1.4316831502495073,2016357501.086279,27967607.618491992,0.06933216038611317,0.03401834911268822,2.038081276561817,2098054723.9176505,28163579.104439545,0.040517231089902725,0.007007087936187222,5.782320909754335
GAB,47823768.66666665,533314.4911158285,51359791.94509806,597142.9243649561,0.07393861623657505,0.11968254062548046,0.6177894941915487,56817627.65490205,684520.8943772621,0.10626670208551933,0.14632672756732384,0.726228925174499,61739091.02745098,775712.8882471296,0.08661860017177823,0.1332201757739313,0.6501913067489578,66853547.08235298,973766.8502401103,0.08283983404660052,0.25531864301045865,0.32445665960713704
GBR,1960445980.3451,30898546.846080765,2059456653.1843147,32685030.470040217,0.05050415764161266,0.057817723042404276,0.8735065129523044,2143691862.7411757,34630145.60206442,0.04090166667340007,0.059510886300293935,0.6872972193189811,2214221321.7372556,36449363.42510479,0.03290093143605662,0.052532780079674754,0.6262933617097145,2262559550.654904,37992186.874597915,0.02183080274907778,0.042327857183659154,0.5157549708777994
GEO,50783647.47450988,1372212.3274917956,54136582.156862654,1362238.549406933,0.06602390432935584,-0.007268392715210013,-9.08370074599748,56877769.38039218,1394383.9096973347,0.050634656166265515,0.02359745310716447,2.1457678477552404,59524358.73333347,1420530.7915257115,0.0465311734579673,0.01875156594000876,2.481455341214322,62727633.290196046,1358573.8494418326,0.0538145160238199,-0.04361534607590904,-1.2338436093149419
GHA,475789801.63137305,6644904.005765481,546111321.4156866,8427116.860125393,0.14779955254021282,0.2682074643687203,0.5510642773797833,629347571.97647,10344891.064861005,0.15241626990081383,0.22757180617845102,0.6697502316314887,708177064.6078424,12326363.079812502,0.1252558937882416,0.1915411194306395,0.6539373590410649,752415969.2627449,14863553.172825523,0.06246870573166618,0.20583444415719854,0.3034900499158342
GIN,99292430.56470586,1940298.6634577138,106668364.1882353,2235797.131022481,0.07428495386385735,0.15229535180845472,0.4877690158087504,115035731.20000017,2590310.565653258,0.07844281737553566,0.1585624338236136,0.4947124957907509,124464981.6274511,3041928.114581458,0.08196801401694334,0.1743488039297346,0.47013809197095374,128951534.9333334,3391736.136607015,0.03604671167117071,0.11499549261166143,0.31346195274714006
GLP,4872655.894117647,70067.21573624373,5740952.301960776,68180.38986654105,0.1781977686730046,-0.026928797582100525,-6.617368195877116,14090766.317647062,116809.23645649124,1.454430132233371,0.7132380246745169,2.0391932032747326,15799212.20000006,119944.8674568037,0.12124577498765036,0.02684403301857386,4.516675080222047,16311865.231372615,121671.57792580737,0.03244801227320389,0.014395867915111313,2.253980966242631
GMB,851587.2000000002,39553.11593681122,867903.3294117649,38103.73244287489,0.019159669628388817,-0.036643977588309805,-0.5228599865343535,887783.6627450984,35746.06786768395,0.022906160927862435,-0.06187489844270633,-0.37020118827463805,905275.0980392164,34038.14886151436,0.019702362217427036,-0.047779213436609264,-0.4123626322054675,921953.423529412,35730.03877742104,0.018423488645959808,0.049705697063321626,0.3706514491183889
GNB,12155740.768627444,268612.3697292378,13778307.992156858,331159.0646720417,0.1334815585831734,0.23285113416724315,0.57324847937954,16464374.517647043,405060.77823515126,0.19494893908738267,0.22316077512870441,0.8735806683542346,18736099.262745116,488170.7241319213,0.13797819909059805,0.20517895180787402,0.6724773563508524,19292637.254901953,564602.4484477261,0.029704048017265686,0.1565676115701485,0.1897202602720748
GNQ,7761418.231372547,228994.4387465887,10002350.035294127,309896.16233285813,0.2887271033615319,0.353291215407189,0.817249596848189,16706385.847058842,469132.0702497585,0.6702460709842153,0.5138363338164406,1.3043960243256163,23702915.976470597,635912.5723502571,0.41879375907288136,0.3555086353651058,1.1780129015509906,25826990.686274506,1285991.7749947694,0.08961237984020341,1.0222776383267547,0.08765953247972763
GRC,177916375.91372558,4898820.32869017,198444297.58823517,4994605.367311479,0.11537960780217271,0.019552674357199575,5.900962993314942,208834145.83529377,4994260.917729111,0.052356496877613304,-6.896432391266504e-05,-759.1823410596537,216769254.77647027,4954019.074558616,0.03799718149269936,-0.008057617299817339,-4.715684560193834,219348791.51372495,4801359.930155732,0.011899919755293089,-0.030815211266921758,-0.386170312194709
GTM,107122288.08235323,2357817.040115405,110380432.48235318,2698094.9759278814,0.03041518677695866,0.14431905869838885,0.2107496199827848,113081020.87843138,2937210.9310604753,0.02446618785000638,0.08862399480595055,0.2760673100279116,116271929.07450986,3074735.440522029,0.02821789342978155,0.04682146181850847,0.6026700648339658,135287124.35294163,3357421.096741123,0.16354072242360732,0.09193820466423597,1.7788113550930018
GUF,4460124.082352943,58833.34223076803,6057415.878431372,75570.65687500194,0.35812721049585167,0.28448689143960965,1.2588531186220728,6717216.749019615,83069.32061706831,0.10892447932089236,0.09922718753748008,1.0977281733370647,7264922.537254902,90069.3420432582,0.08153760831303002,0.0842672285531079,0.9676075707372102,7565627.929411768,93894.37563787343,0.041391410660586325,0.0424676533417791,0.9746573545627495
GUM,772218.1843137258,9919.438858670683,778909.9607843132,10098.48770329319,0.008665655130271727,0.018050299737066244,0.4800837247304446,1545750.1960784304,20297.144911509182,0.9845043379878691,1.0099192579984164,0.9748347010820273,1661589.7882352925,22403.47461354621,0.07494069381375289,0.10377467920833855,0.7221481616271883,1663270.6274509784,21694.701808972106,0.001011584945686864,-0.031636735676060915,-0.03197501019210135
GUY,11125953.97254904,203489.6509638652,11652832.117647065,204206.70444051817,0.04735577249357551,0.003523783510643034,13.438899509730053,13726496.69803923,219888.9845611193,0.1779536991056281,0.07679610796113256,2.3172228883746637,14463704.788235273,217461.6678250165,0.05370693676714687,-0.011038828256665528,-4.865275146817982,15203344.337254876,218693.15454573111,0.051137627589110037,0.00566300595885034,9.030120745183112
HKG,817685602.5882313,26705012.949058373,1062187881.1411699,35403383.22020475,0.29901746805741986,0.3257205037772911,0.918018560667187,1323790483.1176507,41317262.630387664,0.24628656250100125,0.16704277592339983,1.4743921797249104,1547331349.9098165,46898128.38164989,0.16886423466778977,0.13507346314752366,1.2501658781293015,1664958881.4156933,50177626.43266663,0.07601961371281755,0.06992812217000816,1.0871107553553327
HND,59437969.90588236,1568878.1288367843,63162205.87843138,1785467.5232649504,0.0626575231025925,0.13805367698557458,0.45386348607824234,67058912.345098086,2002940.0858322864,0.06169364119686885,0.12180146641349167,0.5065098394417621,71331592.46274506,2219609.474957827,0.06371532087575377,0.10817567168291381,0.5889986157194115,87449090.42352936,3075081.5158161563,0.22595174738601442,0.38541556544517064,0.5862548574680189
HRV,44138330.19215683,1081740.425165851,47778679.38823521,1096607.170245843,0.08247591560963163,0.013743357217802744,6.001147631002033,51546940.858823486,1114084.9041809489,0.07886910058707383,0.01593800807556967,4.948491694389785,54282536.650980465,1111671.130238816,0.053069993031191046,-0.002166597835653738,-24.49462108651003,58115880.043137245,1101452.6514251158,0.07061835405379017,-0.009191998007094913,-7.682590226769291
HTI,57260294.91372546,2393646.5366472374,62091872.388235204,2757628.569809414,0.08437919297812772,0.15206172991272282,0.5549009144283569,68963417.45490187,2630855.766080766,0.11066738370686739,-0.04597167476307716,-2.4072950197531537,77302105.3921569,2696580.370278243,0.12091465656712923,0.024982214929778587,4.840029473247386,92983779.32549042,2823705.3996799495,0.20286218407350887,0.047143052290553204,4.303119425174758
HUN,170094093.98431355,2899795.4778167577,180066812.2078434,2886577.6804530695,0.05863059668873366,-0.004558182625224264,-12.862713390262423,195995977.27058816,2935475.4759539235,0.08846252603371695,0.016939712321609568,5.222197659216887,218623471.56078464,3060091.3274460817,0.11544876892527957,0.04245167521001431,2.7195338783249077,225424690.74117678,3073082.6295648166,0.03110928177947801,0.004245396861922196,7.327767648415466
IDN,2248122897.0313644,70454543.89861701,2459413444.5215673,80018449.90386693,0.0939853189383957,0.13574576565298938,0.6923628039982695,2689811023.1254873,89601125.90740912,0.09367988904717868,0.11975583149954393,0.7822574305914735,2897179139.584309,98165529.26468782,0.07709393510398573,0.09558365780056023,0.8065597914744571,2946098886.3647046,103890588.64746319,0.01688530271117946,0.05832046570378742,0.2895261981778534
IND,4175001874.5882325,240557410.50878176,4806221658.156865,272432492.52914983,0.15119029943690454,0.13250509287139356,1.1410150067488078,5536852066.239215,300816907.5839184,0.15201762632864893,0.10418880211849721,1.459059162190525,6245537886.921571,325753197.18864006,0.12799435711919158,0.08289523951630022,1.544049548153163,6655514680.321562,343745025.62799907,0.06564315209079115,0.05523147153929587,1.1885099248910582
IRL,67103818.29803915,1044883.9965942918,71218907.69019623,1133317.9597385349,0.061324221132694104,0.08463519723958439,0.7245711374559473,78214833.50980401,1256707.0633139012,0.09823129905390021,0.1088742153206794,0.9022457591503056,82027899.0352942,1304678.477138421,0.048751181257865074,0.03817231177011178,1.2771346297144193,84804705.1372549,1378434.7671145138,0.03385197151966443,0.056532158128234006,0.5988091139714982
IRN,924302300.7098037,25472785.728583585,1051639668.7019598,28614559.6777639,0.13776593209209734,0.12333845157951692,1.1169747173555113,1166426125.7058833,31278252.234587938,0.10914998779534865,0.09308871381634315,1.172537285354411,1278754227.694117,34058087.043118045,0.09630108543758524,0.08887436509179775,1.083564257681239,1345057354.219607,36676972.238700256,0.05184978089577821,0.07689466505463631,0.6742962058412915
IRQ,340742600.43137217,10519356.241429184,399521166.423529,12672863.970902981,0.1725013717619827,0.2047185854389524,0.842626825464379,462511476.6078421,14283503.667939778,0.1576645131175292,0.12709358363940793,1.240538732190113,528721425.3450985,17693848.66778527,0.14315309367640844,0.23876109665587328,0.5995662429157594,578006809.6745106,20153511.16709339,0.09321616633417748,0.13901229435664633,0.6705605915331813
ISL,8756573.756862765,133665.57558982144,9482773.172549028,144867.515813136,0.08293191330880077,0.08380572315560049,0.9895733869490353,11139207.29803921,172297.56620304988,0.17467823972477467,0.18934576351330396,0.9225357699249569,11778868.3372549,177607.31921163714,0.05742428721371299,0.030817341913755177,1.8633757374149755,11809345.078431387,198165.73570142413,0.0025874082555191126,0.11575207925575158,0.022353017519471878
ISR,126349910.05490196,3374836.8078627796,150964068.8588235,4015759.775211063,0.19480946835044147,0.189912284308102,1.025786557516177,162837289.8784313,4357714.443686577,0.07864931774402038,0.08515316842067343,0.92362174188842,175499317.09019616,4838333.661689647,0.07775876902162832,0.11029158156505355,0.705029050433588,182703835.65098053,5342833.075977987,0.04105154755150231,0.10427131520155608,0.3936993359309779
ITA,1116597329.2745118,20061994.832113024,1216313945.3568623,20886373.923078272,0.08930400733372656,0.04109158126417587,2.1732920609600113,1321139867.8666677,21863805.196292974,0.08618327768909192,0.04679755695337307,1.8416191634738748,1397854338.3176465,22584216.011178195,0.05806688021220244,0.03294992835955965,1.762276372153498,1472835732.3176477,23294737.195205126,0.05364034860044375,0.03146096298739145,1.7049811419294791
JAM,39872486.509803906,858053.5028754144,41479038.04705875,886532.2461966834,0.040292233514451783,0.03318993888590176,1.2139893855474047,42564507.423529394,897894.6228722034,0.026169106796525867,0.0128166535670482,2.0418049578719217,44079888.67843138,904544.3165744565,0.035601992049937116,0.007405873175832137,4.807264613458198,46981997.27058824,915454.1926890713,0.06583747552831022,0.012061184747620643,5.458624248442777
JOR,95223144.23529446,2801189.650652262,109722129.09411734,3254088.6935898,0.15226324414363154,0.16168096395475393,0.941751214362144,123861566.1372549,4057571.291180668,0.12886586470637146,0.24691478114092005,0.5219042137166535,137106180.3529413,5423524.869113006,0.10693078271761587,0.33664314929014444,0.3176383744718799,147999269.73725513,6910260.297319548,0.07945002447207432,0.27412715237529495,0.289829094942419
JPN,5346538183.952931,88541282.65740779,5778913179.03528,91171753.03247248,0.08087008456800639,0.029708970732248683,2.722076281162545,6219060028.92941,93242859.48087934,0.07616429530225387,0.02271653642185862,3.352812853501998,6845355326.933318,95633165.29245007,0.10070578111331123,0.025635269283659164,3.9284073827734156,7181856603.513704,95461212.72781935,0.04915760548709703,-0.001798043221772271,-27.339501571404956
KAZ,575836984.5137267,8651126.271305557,667273890.9450988,9572124.396981416,0.1587895687328718,0.10645991016576266,1.4915433282409276,758254009.1960781,10617754.347856693,0.13634598848475682,0.10923697890982462,1.248166965486209,925326138.5372565,13004371.477616979,0.22033794390129624,0.22477607331742894,0.9802553298906278,993723475.6235315,14463867.109724827,0.07391700529977095,0.11223115508657382,0.6586139583322672
KEN,155866253.72549012,4133767.7646442545,175742083.45882353,5148795.099608651,0.12751849267089266,0.24554532154559694,0.5193277227528561,207047416.60784322,6423779.699988284,0.17813225229206153,0.24762776061462255,0.7193549376286801,233944995.4549024,7774898.514822911,0.1299102364460039,0.21033081424587002,0.6176471902692441,276835430.0352933,9454161.004690768,0.1833355507220451,0.21598513301058905,0.8488341218979029
KGZ,80206031.18823522,1379337.1502402942,90834851.74509802,1486460.2348180288,0.1325189689528218,0.07766272702730632,1.7063393731490777,101968789.34117645,1593719.5594382952,0.12257341077984726,0.07215754724403849,1.69869148081352,119378503.99607855,1785960.2146513162,0.17073571989416383,0.12062389149617765,1.4154386645664978,124796872.74509805,1955846.1813220142,0.04538814416033803,0.09512304097091316,0.4771519465427611
KHM,29970042.94509805,1182255.557558826,46861011.30196069,1608485.194851867,0.5635950668407486,0.3605224222190496,1.5632732726352152,70858360.87843165,2076607.9258417014,0.5120962802496517,0.2910332855335645,1.7595797652863052,93376115.87450972,2500897.692729556,0.317785434448741,0.20431866873275042,1.5553421350077685,102837352.7568622,2822706.4406721704,0.10132394985316846,0.12867729410849368,0.7874267993834065
KOR,733157017.8823521,32635866.174205877,850170230.4039212,34562085.21289563,0.15960184471745173,0.05902153870860531,2.70412883516,976511737.2431302,35992539.23162827,0.14860730512662543,0.041387954746402666,3.59059310944912,1141390439.1019511,38184754.89942616,0.16884456742353493,0.060907502349028336,2.772147287471697,1222969109.4901927,39318363.901224464,0.07147306267295163,0.029687476187396918,2.4075156211255755
KWT,113923255.47450952,1573540.7947793433,114446880.92941141,1846041.6490997188,0.004596299962820592,0.17317686025330414,0.026541074576000676,114962335.22352919,2413005.2418887583,0.004503873674248061,0.30712394439504515,0.014664677751256188,118036233.32548961,3184060.9020837117,0.02673830603722192,0.31954164326282875,0.08367706244543902,139901297.39999995,3870206.9824441457,0.18524027291023895,0.21549401894649897,0.8596074908057139
LAO,21333578.898039203,322466.2663771274,25794595.458823495,386166.79459502525,0.20910774427980808,0.19754168066497688,1.0585499909482232,31619581.47843132,393746.55649003823,0.22582195673145508,0.019628207295663294,11.50497105160229,37423899.07843136,376008.9412986357,0.18356718617415416,-0.04504830556366101,-4.074896577735696,40007095.20000004,345491.96697669534,0.069025306961066,-0.08116023575541251,-0.8504818439547566
LBN,47028071.23529428,2055227.5815284117,51907015.64705881,2270984.144661029,0.1037453649194719,0.1049794023161977,0.9882449569201309,57471512.45882335,2424599.65530517,0.10720124712235976,0.06764270503837888,1.5848160871380925,64867417.36470567,2847580.5027280953,0.1286881898432943,0.1744538924178339,0.7376630470077084,68592188.93333302,2634569.8797664074,0.057421302095094724,-0.0748040741105002,-0.7676226566252563
LBR,48343958.14117658,893006.5127685571,52370372.30980384,1295859.4336131902,0.0832868123224233,0.451119801574215,0.18462238197434025,57820500.8862745,1212921.118169283,0.10406892936009131,-0.06400255559559709,-1.6260120926679136,63523873.84705882,1466916.4144839186,0.09863928664336752,0.20940792645939102,0.47103893492062215,66683595.99215679,1741394.5291313299,0.049740703041904734,0.1871123071071343,0.2658334120877728
LBY,209276860.9647072,2377041.216675046,246664297.17647043,2806410.204278834,0.17865059729689042,0.18063169649383715,0.9890323833778846,277552542.3764723,3129841.236124024,0.1252238185808608,0.1152472405324303,1.0865667412281608,311023181.7764734,3120495.835953366,0.1205920836228606,-0.002985902308013256,-40.3871497400394,380887600.929415,3509241.6736641256,0.22462769094540305,0.12457822671376549,1.8031055415607582
LKA,134866826.6509804,3080989.8079557484,150213235.8274517,3383725.020281504,0.11378935471052497,0.0982590762046765,1.1580543915708963,162877987.29411793,3609068.6843754626,0.08431182110485978,0.06659632882201863,1.2660130460071835,176481795.0431376,3824720.8254590556,0.08352146275269551,0.05975285037306263,1.3977820678216226,198657589.5882342,4253787.36094242,0.12565485601320026,0.11218244548132897,1.1200937497312229
LSO,23596255.90196082,246962.70193006675,26563788.090196047,260255.80816987858,0.12576284138318014,0.053826371901195394,2.336453989766068,29603078.38039216,275179.6172057822,0.11441479204232285,0.05734284718119454,1.9952757434731099,32162641.262745082,290454.8701917001,0.08646272693208384,0.05551011786783216,1.5576030146062538,33341162.764705848,302899.2063789067,0.036642559680752376,0.04284430203905103,0.855249308235994
LTU,55141476.9568627,1161665.3219507644,60616502.67450978,1106370.249664934,0.09929051631914394,-0.047599830382277795,-2.0859426498316145,67142334.61568621,1069543.1414471269,0.10765767824346369,-0.03328642308391804,-3.2342819765298625,73575416.27843134,1059222.2492063,0.09581260019579654,-0.009649813869931854,-9.928958370310324,79022854.94901964,1043818.9579185783,0.07403884267502565,-0.014542076791970381,-5.091352750654382
LVA,25376583.01176466,680581.8232018696,26445384.992156934,641539.4334746258,0.042117647592537326,-0.05736619521156872,-0.7341893154532182,28137035.80784305,608607.5138113609,0.06396771369325199,-0.05133265072250217,-1.246140863425374,29399753.84705883,585191.3040920896,0.044877436551571684,-0.03847505853588456,-1.166403333986245,30775434.650980428,569421.2179949599,0.04679225584942178,-0.02694859952096631,-1.7363520435641522
MAC,18870046.929411765,989903.2473744958,29266456.937254917,1337371.1591636182,0.5509477558128807,0.35101199305154906,1.56959809556128,35090561.30588239,1513624.149405398,0.19900271430579766,0.1317906319678727,1.5099913501766167,40457678.14509809,1704220.5050596667,0.15295044135745955,0.1259205303569855,1.2146584907468552,46073919.05882358,1964272.797646673,0.13881767741547865,0.1525931015469747,0.9097244633483291
MAR,161856085.05490196,9096695.914630845,176218208.51372543,10116712.480863063,0.08873391107879451,0.11213044558207715,0.7913453890080473,197097215.17254892,11471717.285525749,0.1184838209111475,0.13393726541362472,0.8846217708361155,212983580.4431372,12497337.311634568,0.08060167291902398,0.08940422785722581,0.9015420730185257,262243491.47451013,13901614.851969708,0.23128501703690932,0.11236613890767018,2.058315959641127
MDA,37591094.89803925,926061.4756238644,40963633.21568622,884518.9642112842,0.08971641626280155,-0.044859345201239596,-1.9999493051076105,42880845.250980385,804802.9149124831,0.04680278297580326,-0.09012361806157886,-0.5193176215342827,44993057.913725495,715029.8487794276,0.049257719860287014,-0.11154664635231559,-0.441588532430715,45994188.956862785,630957.2480924802,0.022250789111888446,-0.11757914838165318,-0.1892409446585209
MDG,72314918.27058817,1230355.1940594006,77605400.66274498,1443756.674405234,0.0731589348184128,0.17344705120619866,0.4217940536298852,83242625.66274497,1901512.5396982678,0.0726395966241841,0.3170588738449363,0.22910444279099368,88301105.88235268,2465234.156779686,0.060767908019888676,0.2964595843111661,0.20497872639565684,89366459.4431369,3184517.214524959,0.01206500813482038,0.29177068464963446,0.041350995043619075
MEX,2692287114.549013,52105379.217170134,2968847759.631369,59060807.64750902,0.10272331044777253,0.13348772304965564,0.7695337676076835,3313915539.717647,64586811.72892124,0.11622953011545589,0.09356465482817158,1.2422375770947651,3732340071.4117656,69848721.23359394,0.12626288349212703,0.08147033990093175,1.549801849920636,4029128538.6666636,70483384.55920179,0.07951806683645449,0.009086255473244197,8.751467210074273
MKD,19556962.588235304,412761.3021645522,22419799.81960784,465219.19854331017,0.14638455324829966,0.12709015138692675,1.151816656529356,24219598.60784314,482026.8707779915,0.080277201523505,0.03612850090303525,2.221990935603993,25702887.419607833,498669.02886783803,0.0612433275952127,0.03452537420369553,1.7738642667240758,27412841.48235301,514008.85868656146,0.06652770308758044,0.030761545094449685,2.1626905567751877
MLI,116564992.35294105,1792025.679686272,127237311.45882408,2332237.413111969,0.09155681213077142,0.3014531206496277,0.30371824293431643,155336221.6431371,3232500.327171603,0.220838603567997,0.3860082635662673,0.5721084868176273,171537275.62745136,3911701.74094761,0.1042966914795564,0.2101164253772247,0.49637571785409557,187200940.81176487,4798774.559501637,0.09131347765095803,0.22677414519316946,0.40266264733652024
MLT,16669430.101960778,282037.54461027554,16975612.18823527,285223.7941737345,0.01836787966965218,0.011297253235776725,1.6258712880298931,17760142.18823528,296265.6804918087,0.04621512268899002,0.03871306161556912,1.1937863026158544,18337978.788235288,318782.7826319345,0.032535584111639655,0.07600307299430312,0.42808248179752406,19240667.98823532,361501.39258341736,0.0492251196505447,0.13400538635992024,0.36733687344725624
MMR,148673128.2666664,6569492.261888808,160460395.54509795,7433359.280605951,0.07928310526492315,0.1314967708735487,0.602928153583058,175851556.99607825,8312931.402071794,0.09591875552029638,0.11832767504736316,0.8106197935681815,188970308.2039215,9134197.036884045,0.07460127980633013,0.09879374616366633,0.7551214798833741,195114581.09803927,9579294.447444547,0.03251448840040717,0.04872868504622691,0.6672556086740695
MNE,5157130.282352942,124921.26088194021,5719164.050980391,132355.34420279102,0.10898188291861824,0.059510152782372,1.8313157977793106,6268081.243137258,143115.6832341631,0.09597857086522471,0.08129886326981549,1.1805647336874816,6857763.921568631,153825.39694658646,0.09407706370701556,0.07483256530942416,1.2571674286190455,7444716.949019601,164021.33203841074,0.08558956449418151,0.06628252092445212,1.2912840866709834
MNG,42023787.04705873,656779.8593125219,48719034.88235292,831091.7195596118,0.15932043030288465,0.2654037845033025,0.600294493166514,54848441.9607842,1027799.386022276,0.12581134033612562,0.23668586972193387,0.5315540825649322,60092037.88627451,1240229.3231888504,0.09560154742844662,0.20668424213474895,0.46254879637180396,61643994.01176481,1495414.0678489662,0.02582631876168705,0.20575609678699613,0.1255190935529026
MOZ,181537079.17647055,3194730.98482611,213278014.69803932,3715844.0442766044,0.17484546774443638,0.16311641322089562,1.0719060350331333,257146713.090196,4607335.212064395,0.20568785983058938,0.23991619593425229,0.8573321156148916,295171813.0666663,5682052.159999439,0.14787317138731118,0.23326215664119188,0.6339355406662573,319400424.5254898,6683207.6511525735,0.08208307970568764,0.17619611065894086,0.46586204087429683
MRT,24986539.243137278,529373.509956936,31068556.725490194,698088.7963978369,0.24341175955463235,0.3187074594167466,0.7637466659867019,39129776.61176465,888586.2758699834,0.2594655412383745,0.2728843099260728,0.9508261625912695,47926280.8196078,1099187.479795496,0.22480333315264628,0.23700704100940612,0.9485090915240973,53175135.57254903,1326579.761005742,0.10951934227272221,0.2068730634127605,0.5294035891671663
MUS,23016741.505882364,506099.0595282134,24899675.423529427,521984.05388349795,0.08180714534096167,0.03138712482511344,2.60639181819885,27019139.67450982,533983.4334549173,0.08512015578233456,0.022988019427308937,3.702805109048015,30215881.72549022,560684.3291593967,0.118313983697869,0.05000322862400881,2.366126887275857,30896243.780392203,564883.8611469632,0.02251670366872094,0.007490011347138289,3.006230915434314
MWI,64219481.80392152,999125.1131089953,70111165.59215684,1195024.0039775784,0.09174293567525407,0.1960704303177818,0.46790806510987615,76335988.80784324,1417446.1998084127,0.08878504818899703,0.1861236218607434,0.47702192393088866,84313403.77647059,1686826.903784805,0.10450398420473068,0.19004651041627033,0.5498863619007227,93033341.50196084,2057145.6239361991,0.10342291183746205,0.2195356970655936,0.47109838272251925
MYS,585569842.6509805,10391868.82486688,636242180.1843146,12248710.571516575,0.08653508743539678,0.17868217718514953,0.48429613293624457,710397756.352942,14515171.217770942,0.11655243628636043,0.18503667247431288,0.6298883066141413,779567548.5607834,16500177.351572974,0.0973676951950792,0.13675389039653812,0.7119921408652228,836215141.5294111,18586438.11211945,0.07266540670299701,0.1264386870573602,0.5747086464922845
NAM,21632719.45882354,222596.64100758792,23095533.83529412,263237.5086824568,0.06762045702367434,0.18257628457872146,0.3703682391155156,24716174.603921607,306868.9694250274,0.07017117595917428,0.16574940615777964,0.42335702785189566,26319519.427450992,355928.4749988279,0.06487026609995664,0.15987118432248815,0.4057658443882042,27977533.098039247,378374.03783475293,0.0629955905980169,0.06306200378039138,0.9989468589896737
NCL,5411731.454901962,76089.03693515013,8037655.576470581,107912.79459902512,0.48522809076012996,0.41824366486591275,1.1601564626584175,9271535.38431372,120727.999651714,0.15351240123490686,0.11875519580701,1.2926794502901673,10288914.647058822,131419.8861331993,0.10973147602568412,0.08856177947394249,1.2390387442245374,10366918.105882354,144394.3209544546,0.007581310711507345,0.098725049937307,0.07679216892087344
NER,44190057.56470591,1422456.8323673108,57054383.3882353,1919712.4903587312,0.29111357921841635,0.34957521850688944,0.8327637767397379,66843288.199999884,2368895.233194883,0.17157147672869372,0.2339843831261494,0.7332603759123247,76770500.19215688,2806602.5511346874,0.1485147164282833,0.18477276318779073,0.8037695267745865,89596797.72156844,3214679.596513557,0.16707325727079123,0.1453989433644201,1.1490678914498558
NGA,1507109396.9058826,33556542.9370569,1834813467.678433,41093743.226676315,0.2174388079892087,0.22461194240888246,0.9680643231043529,2259343584.019609,48962964.476819925,0.2313750818922911,0.19149438898122198,1.2082603731798107,2714364848.3450956,57281680.31455146,0.20139533780690236,0.16989812456453252,1.1853888224081381,2894223280.8235254,65332936.102111384,0.0662617011814335,0.14055550995271063,0.47142727598318274
NIC,49803039.77647056,1357992.5956028008,57028192.40392155,1533211.3007716378,0.1450745307892736,0.12902773235744996,1.124367049925117,62660828.98823526,1676227.3371644546,0.09876933402375167,0.09327875180729453,1.0588620892762393,68133173.79999967,1759297.1135319278,0.08733278668866414,0.049557583584095434,1.762248688749464,71652185.01960762,1871306.2836149174,0.05164901359120256,0.0636670004295763,0.8112367983840051
NLD,470319530.5450975,6897118.042231364,553847658.2666667,7688846.342300391,0.177598679826799,0.11479117730351121,1.5471457301742182,597552821.509806,8026082.198810049,0.07891188595058791,0.04386039745057026,1.799160302628811,648820658.2431352,8442073.12610556,0.0857963260951448,0.05182988623729591,1.65534467319373,677471466.3568611,8846308.414710604,0.0441582858833534,0.04788341472132246,0.9222041940899788
NOR,44946577.88627453,908829.3710739594,50158770.96862742,1008375.1244244748,0.11596418075567337,0.10953184009984475,1.0587257609291068,55598991.898039185,1140479.0108983896,0.10846001256319521,0.13100668915182978,0.8278967529474455,63730561.51764702,1304019.2865100298,0.14625390392904972,0.143396129213123,1.019929231922846,69119488.24705887,1407594.06786136,0.08455796718376084,0.0794273385545771,1.0645952479656398
NPL,63526723.67058839,1739671.9596633138,76728863.60392159,2415447.4392120764,0.20782025532737386,0.3884499464367686,0.5349988003182865,92965048.05882342,3195532.050229891,0.21160465165643352,0.3229565662883064,0.655210866552043,108896068.5607844,3948278.625461032,0.17136569963241088,0.23556220479058793,0.7274753595754166,114347374.31764713,4412764.57402129,0.0500597113275938,0.11764264699176868,0.42552350365846847
NZL,285197442.933333,1705482.168728525,296309094.4509797,1896691.0337911178,0.03896125927133281,0.11211425634848077,0.34751387147617435,305233340.7764707,2010621.213717823,0.030118030437190666,0.060067864452852254,0.50140005328191,315167971.2117643,2158177.3743201634,0.03254765816218259,0.07338834365996548,0.4434990154974414,347976578.1843138,2519124.5234699566,0.10409879800414457,0.16724628542799608,0.6224281617839688
OMN,47672110.57647066,509139.2136953224,49391213.96470594,567398.2450982785,0.03606098759730117,0.11442652586139104,0.3151453504844072,52250647.717647105,1215705.7312238864,0.057893571010108565,1.1425969179959574,0.05066841166668839,55313966.89019602,1176764.780898562,0.05862739135986459,-0.03203155938577459,-1.830300880883788,60937587.87058824,1119832.215318574,0.10166728760487741,-0.048380582512432845,-2.1014068521963525
PAK,792174187.2941184,45546776.69257642,888997582.6509811,52944181.47571397,0.12222488047431679,0.16241335436461815,0.7525543755467411,995964935.2392161,60292671.90693658,0.12032355843899996,0.13879694097440032,0.8669035325583466,1111354840.839216,67029380.86707474,0.11585739770274639,0.11173346191285838,1.036908690729589,1210262504.6431365,74510314.20580126,0.08899737524806432,0.11160677962342933,0.7974190774821114
PAN,66937340.9568629,1162966.5479354598,70705770.85490206,1305034.6184077398,0.056297872669720916,0.1221600661897665,0.46085332486859,76429019.64313738,1480444.6983479697,0.08094457805969209,0.13441028878930894,0.6022201037494569,83392142.50196081,1675053.9826560176,0.0911057461071157,0.13145326166199436,0.6930656946449592,99016767.53725493,2045008.3143367935,0.18736327628141622,0.22086113970736918,0.8483306593892611
PER,410152760.60784227,11658728.630710721,439124153.1843136,13042689.243565641,0.07063561521208833,0.11870596329083212,0.5950468978464846,466787429.2980385,14356051.074264793,0.06299648041020822,0.1006971649920336,0.6256033167884322,492168655.9215685,15633436.955107976,0.054374271950079454,0.08897891726876578,0.6110916340534797,517684769.2117646,16988293.395519823,0.05184424685155546,0.08666401663961483,0.5982211402356931
PHL,549771199.4117634,22622562.387611944,582754653.1568595,25136794.031095214,0.059994873831854534,0.11113823449372193,0.5398220882773118,618898323.7725487,27918138.535826053,0.06202210556345468,0.11064833889676645,0.5605335442163352,658011030.3568578,30307471.789883576,0.0631973057317302,0.08558354458308179,0.7384282345349725,672105674.3254858,33102826.50524028,0.021420072488730364,0.09223318707467291,0.2322382340684862
PNG,11336009.466666665,290081.37572423415,12316757.627450977,332403.8064572973,0.08651617340900995,0.14589847634098702,0.5929888754068168,12659327.815686274,364692.05988961866,0.02781334167620498,0.09713563083541077,0.2863351114003949,12966421.929411773,396006.0787918641,0.0242583269978186,0.08586427385263956,0.28251944504242577,13009200.866666678,478540.4149548602,0.0032992091023869977,0.20841684151615045,0.015829858462428233
POL,436003761.61568564,10535014.50591834,485801917.843138,10708043.655696454,0.11421496925374416,0.016424196633133138,6.954067331569454,546343484.0627449,10963948.794626798,0.12462191686767964,0.023898402654924628,5.214654664042971,609097008.9098046,11168124.002981573,0.11486093762921641,0.018622415352289576,6.167886144537881,680628934.1176469,11495516.840394568,0.11743929811094317,0.02931493573366393,4.006125040761432
PRI,108726414.72156864,1284011.4576428682,123951698.0,1381294.1214545006,0.14003297466784798,0.07576463841702757,1.8482629574112313,128552634.3254904,1352007.4638090176,0.03711878416938185,-0.021202332791110577,-1.7506934041212912,141178946.29411718,1353027.1157983784,0.098219006050529,0.0007541763020213918,130.2334822604159,146605203.278431,1227116.1530851922,0.03843531296096608,-0.09305871348992892,-0.41302218265810925
PRK,88516079.21960782,7201727.011308156,107085821.7294118,7964650.869062964,0.2097894831483958,0.10593623676055264,1.9803373195385667,116657904.65098043,8183368.355065081,0.08938702404278791,0.027461026176512037,3.2550503928087875,127341972.10588232,8352332.030701521,0.09158459931940922,0.02064720397583714,4.4356901509079965,145447690.12941164,8610414.897901172,0.14218185665033345,0.03089949803851061,4.601429333030899
PRT,134866438.70196092,2895713.7077271263,150863069.93725467,3080594.474450215,0.11861091157485394,0.06384635547006601,1.85775539890392,172165560.37647048,3261769.9737827824,0.14120414259152828,0.05881186272169143,2.4009466127562105,186769418.8470587,3342346.56017787,0.08482450519519882,0.024703331946378894,3.4337272955453573,202358469.06274438,3503868.160862211,0.08346682402246584,0.04832580876225634,1.7271686943324478
PRY,140262726.643137,2009334.203173715,153631969.00392103,2273282.4163965266,0.09531571701724205,0.13136103133361748,0.725601162304891,165694727.76862773,2419381.1825286094,0.07851724379317714,0.06426775884875313,1.2217205827568773,176310899.7686276,2435770.7797983284,0.06407066865050803,0.006774293107706764,9.45791208496989,184737199.54509813,2255490.741127599,0.04779227936292269,-0.07401354846930867,-0.6457233891811146
PSE,80250566.99215677,2380194.550303614,90472730.21960793,2741933.1890645716,0.12737808106016515,0.15197860137727587,0.8381316837095921,105556640.78039227,3298149.5018999325,0.16672328252027527,0.2028555309274759,0.8218818671494913,114242376.48627445,3736697.310899348,0.08228507123443436,0.1329678381003607,0.6188343919100776,119788250.61568618,4157737.5770314876,0.04854480710210043,0.11267711326363859,0.43083112174268007
QAT,76359914.09411764,449946.647206766,82481857.96862718,639982.7871043946,0.08017222055755488,0.42235260797554175,0.189822956088382,90791529.87450966,1260245.7459704073,0.10074545009695521,0.9691869396556672,0.10394841900443692,100873974.70588264,1701119.0137312727,0.11105050047409423,0.34983118901257365,0.31744025107522034,118934747.8156865,2084395.761073179,0.17904294108032814,0.22530860230714758,0.7946564811415914
REU,5355722.764705878,110503.23041700918,8019766.91372549,142599.85387330604,0.4974200992208965,0.29045868917291306,1.7125330305569795,10280355.623529417,155034.0228459189,0.2818771086644708,0.08719622520553273,3.232675588880713,12910564.019607825,168490.88238277903,0.25584799713138845,0.08679939596377684,2.947578082664988,15234890.184313724,207544.108256301,0.18003289098569553,0.23178242835004279,0.7767322668386493
ROU,205901250.09803918,5904630.484520042,225902470.08235288,5793634.450687692,0.0971398666826461,-0.01879813379064872,-5.1675271473474185,260563447.01176503,5828276.589996183,0.15343336846549963,0.005979345021393225,25.66056447930959,290978263.38431346,5833145.674006518,0.11672710321173765,0.0008354243205773928,139.72193571173892,312445693.90980405,5913095.135391917,0.07377674976751505,0.01370606287815979,5.382782088726307
RUS,2169717147.149019,60451255.5333448,2352512194.725487,60974046.648185484,0.08424833062533468,0.008648143206096286,9.741782555814522,2574628588.0588217,62018081.88809483,0.09441668095550639,0.017122616872278933,5.514150182754163,2852648703.682352,64347424.35992126,0.10798455237893076,0.03755908601026214,2.875058044528201,3081856325.239215,66713889.57810514,0.08034905288582829,0.036776378257928004,2.1848005891800177
RWA,54982318.490196064,1494931.6977409227,63678881.219607905,1922411.9081618479,0.15817017121536137,0.2859530044529226,0.5531334476375521,72755204.68235306,2297667.4719451587,0.1425327092579383,0.19520039497784783,0.7301865822254792,84174340.76078439,2710745.6327841636,0.15695284108246155,0.1797815244732961,0.8730198586438985,93343032.03921553,3145779.6660598107,0.10892501438755203,0.16048500752497039,0.6787239261001002
SAU,736198387.1803927,12591669.993324615,787212572.8627461,14734274.799995339,0.06929407422058537,0.17016049561389476,0.4072277409077259,859911923.1058841,18187784.167522125,0.0923503418889289,0.2343861109152029,0.3940094467557413,936226050.1568629,20770988.92674026,0.088746446002682,0.1420296576770993,0.624844468783025,1130787488.596077,24070053.929789208,0.20781459606535807,0.1588304251995331,1.3084054632749855
SDN,330135682.0862745,7057668.297475535,342652323.9333333,8031329.030222386,0.03791362923256442,0.13795784835837643,0.2748203866885143,359969472.64313745,9195865.964565149,0.05053854154852724,0.14499928093601175,0.3485433943002098,383182355.62745166,10269622.49652936,0.06448569878403754,0.11676513512721542,0.5522684379526515,436827702.4235307,11504717.03934497,0.13999952244209185,0.12026679103667283,1.164074647999895
SEN,119383219.21176468,3747598.836332936,130245601.34509787,4332874.232091692,0.09098751235770623,0.15617343833190386,0.5826055527082473,145587207.0745098,5022803.6074211905,0.11778981839672968,0.15923134122368357,0.7397401635351546,160951094.6823526,5734526.085399066,0.10553047837492856,0.14169824934550615,0.7447549907099497,179310728.0588234,6364819.5505391285,0.11406963967970972,0.10991204081273269,1.0378266005820118
SGP,143621577.40784335,4742545.797851082,148657061.08627447,5222350.445267541,0.0350607740794534,0.10117027180504319,0.3465521388241014,155526263.63921565,6216132.939800954,0.04620838393242935,0.1902941031914034,0.24282614730290195,163643410.5333333,6869224.7720512925,0.052191486532123764,0.10506400660589002,0.4967589588307005,171347727.76862764,7287285.439692631,0.047079911193399465,0.06085994875903549,0.7735778973427053
SLE,30507059.866666656,1046661.6350408763,38594059.32156865,1349851.853066573,0.2650861633420861,0.2896735753707604,0.9151202797935427,49294531.023529455,1652097.1585679934,0.2772569636379437,0.22390998302131024,1.2382519077389964,60099162.560784325,1944458.9949373775,0.21918519788934723,0.17696406948777624,1.238585880872769,62848994.28235289,2406986.8164918395,0.04575490912685149,0.23786967108008258,0.19235284985721185
SLV,60097742.85490197,1908965.7679835663,63247992.745098,1958979.7300741684,0.05241877216257345,0.026199507046913532,2.0007541389504393,65867158.317647174,1950358.8555148402,0.041411046562456616,-0.004400696151665541,-9.410112658376491,68652302.05882342,1958350.8233880398,0.042284255345353954,0.004097690971382778,10.319044466909862,73638977.49411748,2021300.603683386,0.07263668203028828,0.032144281577924864,2.2597077447259433
SOM,47850787.643137224,2585480.66934755,56101690.45098037,3115708.0788246817,0.17242982225030304,0.20507885275001328,0.8407976733734281,64951485.58823521,3602748.647892898,0.15774560563353193,0.15631777969774993,1.0091341236968872,73782054.69019607,4352304.677850343,0.13595638378378153,0.2080511584941765,0.6534757353326012,80258341.53725499,6484981.371268283,0.08777590803417232,0.4900108910737597,0.17913052471513272
SRB,55211880.41960785,1637735.5327356805,61311179.76078427,1731316.5857028575,0.11047077720994132,0.05714051572835988,1.9333178183954096,69986040.43137246,1824922.9729800741,0.14148905149818683,0.054066591893253045,2.6169404533124125,79515166.027451,1939036.5973726748,0.13615751851860636,0.06253065257119031,2.177452384070242,83517351.93333337,2060462.7476241258,0.050332359294838175,0.06262189708847117,0.8037501518634841
SSD,16444630.117647063,544742.1678640076,21147214.462745097,748730.8825678987,0.2859647381215097,0.37446837556885426,0.7636552424142656,28130618.592156876,995408.1551908543,0.3302280847302322,0.3294605289646052,1.0023297351219558,35633386.17254903,1091026.0929473343,0.2667117879335938,0.09605902589591168,2.7765406264123396,41526670.439215705,901179.006685308,0.1653865910505776,-0.17400783307497905,-0.9504548624504358
SUR,21760085.815686256,206407.50020162264,24654639.188235246,236093.93523601384,0.133021229652614,0.14382440078675898,0.9248863817610318,28071422.349019516,258137.8185562331,0.13858581075543375,0.09336912148201883,1.4842788338982371,30623033.84313726,273975.76353018696,0.09089712172019197,0.06135460918719933,1.4815043714622214,31666982.81568622,296575.6972533209,0.03409031834979051,0.08248880642555029,0.4132720526215699
SVK,30771276.596078455,615055.9306591357,31743882.22745098,599555.9393609605,0.031607581451348586,-0.025200946004315966,-1.2542220219009004,32744121.909803938,584416.1530948218,0.03150968350959873,-0.025251665895054717,-1.2478259311901312,33704108.74901965,576285.6238957349,0.029317837316269097,-0.013912225314155138,-2.1073434805889293,34769002.1843137,573205.0691667155,0.03159535958134545,-0.005345534577445508,-5.910608026867174
SVN,28024760.439215705,531339.4956548095,28736360.890196092,530697.7974019302,0.025391847774178595,-0.0012076991417483527,-21.024977907510575,29910666.91764706,539805.3225843031,0.04086481346535436,0.017161415078335438,2.3812030231086294,31168720.768627394,547228.5125077142,0.04206037446253303,0.013751605649001018,3.058579160578859,31903906.858823508,556528.1981006666,0.023587303940176756,0.016994153960172755,1.3879657672547636
SWE,123593286.3647059,2303040.5054512303,132843344.1686275,2467638.823145046,0.074842720636346,0.0714700055445035,1.0471906370532231,141376126.28627473,2707749.5028713197,0.06423191294263086,0.09730381831983369,0.6601170853491399,152867525.2862745,3008328.09600461,0.08128245766707914,0.11100679468856123,0.73222957112782,162393157.51764694,3324895.614988975,0.06231298775546884,0.10523038341622434,0.5921577564627734
SYR,143584611.0941176,6059887.196063626,159498465.90196067,7366147.618744415,0.11083259331608845,0.215558537711611,0.5141647113248091,173021878.82745078,9740185.701075302,0.08478710343084166,0.32229032123789425,0.2630767908424318,185722347.69019574,6974844.41121351,0.07340383163571314,-0.28391053053090176,-0.258545646399416,194186110.82352936,8345716.992074002,0.04557213086414384,0.19654525607145154,0.23186583983271858
TCD,57395451.48627461,1099832.928128139,62387644.027451105,1316668.8968185668,0.08697888790665437,0.19715355227586406,0.4411733235470721,67344291.47058825,1541739.4172422625,0.07944918453654347,0.17093934623011736,0.4647799718947651,72760951.5803921,1790639.621872876,0.08043235724247706,0.1614411630441582,0.4982146791179694,77762648.34117638,2077686.9006437557,0.06874149735738398,0.16030432660182592,0.4288187275701453
TGO,78972776.38823551,1211142.5479599698,90002883.59999993,1594255.8507772498,0.13966974084258696,0.31632387406634355,0.4415403081883526,101797186.2509803,1835914.751035088,0.1310436085958959,0.1515810025975579,0.864512084959696,111725807.86666662,2053278.4778723824,0.09753336002045636,0.11839532675182485,0.8237940018097298,117204060.98039196,2343013.7812189506,0.0490330141113241,0.14110862528827237,0.34748417406203214
THA,600352839.847058,11739504.99120145,751130473.5686296,14592604.086837793,0.2511483642852138,0.2430340204101187,1.0333876872933352,948778110.8980366,18004223.410452724,0.2631335623894751,0.2337909877711365,1.125507723364695,1101004607.564712,20349589.061131675,0.16044478147012706,0.13026752652476534,1.2316560063004243,1147778582.6274533,22918981.97686798,0.0424829966572071,0.12626264383116825,0.33646528670834047
TJK,67029905.09803915,1079628.7903950615,79333801.85882363,1268638.493800306,0.18355831986914758,0.17506915810950302,1.0484903329136632,88410970.45098054,1437537.609685863,0.11441741577329109,0.133134156586725,0.8594144335812003,104464858.07058817,1752446.434152904,0.18158252915579864,0.21906127696781189,0.8289120362540375,107658738.58823532,1983009.4306765029,0.030573731459903993,0.13156635890845259,0.23238259167131028
TKM,73328213.43137255,1215955.6242561352,83708172.09019607,1364448.1993566314,0.14155477370982267,0.12212006107651913,1.1591443081667472,91186958.4549019,1507600.1696781341,0.0893435632144421,0.10491565043583348,0.8515751734207159,99026513.41176467,1685056.7943537529,0.08597232641266296,0.11770801585509566,0.7303863359526772,109362967.94509801,1875349.0276701842,0.10438067722684602,0.11292926977539146,0.9243013563662635
TLS,7476051.333333321,140034.45395010314,7789797.015686267,159026.00519425317,0.04196676405284358,0.13562056128641792,0.3094424890648676,8043272.47843137,205208.97437102607,0.03253941819468223,0.2904114274917461,0.11204592903151873,8245438.27843137,258142.3372890851,0.025134769528462744,0.25794857695820544,0.09744100868808145,8345596.850980388,315917.58187964343,0.01214714963193836,0.22381158084060326,0.054273999523686216
TUN,201114815.8980394,2960426.9404634926,220610603.8078429,3278038.556236085,0.09693859610863989,0.10728574700879671,0.9035552141021265,240529080.9058819,3590136.2626941428,0.09028794062586615,0.09520867467050635,0.9483163266197157,268270379.9960783,4132844.636819394,0.11533449088865667,0.15116651135630907,0.7629632373853357,278765380.0549023,4534251.1127874,0.039120979584020506,0.09712595348779574,0.4027860543879882
TUR,739773602.2078424,27831868.181648035,835853684.1019615,32473712.428421363,0.1298776836688545,0.16678162660435777,0.7787289662125226,938995615.3215683,37088636.68370427,0.12339711265425853,0.14211261694994484,0.8683051181706243,1042805797.5686277,40792844.878049016,0.11055449094031035,0.09987447707864311,1.1069343657565045,1142975204.8823526,44293606.537920296,0.09605758574345925,0.08581803182241576,1.1193170444905136
TWN,488552456.09411824,15342631.897445578,542267288.086273,16363869.959322577,0.10994690809988827,0.06656211715846659,1.6517940353089147,596227177.2313709,17070303.532072388,0.0995079185682193,0.0431703242879507,2.3050074376205933,647262444.3529391,17749941.945427533,0.08559701581963203,0.03981407899854932,2.149918269433053,685770751.2901981,18414258.152723964,0.05949411598529446,0.03742638760954156,1.5896301990450958
TZA,303586887.3450973,4823809.224888446,338683437.45882326,6180496.409089797,0.11560627805979823,0.2812481010238803,0.41104731956921653,392043647.9098034,7993589.061400323,0.15755187455090006,0.2933571241371436,0.5370651045694224,450223281.7882353,10239588.63201062,0.14840090941051842,0.2809751105990481,0.5281638971299729,487714402.3686269,12781436.386970412,0.08327228310246673,0.24823729217144155,0.33545436454791777
UGA,111250861.18431404,1987535.4235735037,129028850.79215726,2563811.5295720133,0.1598009167622502,0.28994507426810523,0.5511420297986719,149935969.72549036,3200682.5051099956,0.16203445047348972,0.24840787561490432,0.6522919213909486,171373711.52156848,3933960.0764710703,0.14297931200449976,0.229100377869524,0.624090249584523,179368794.50980395,4654691.815477732,0.04665291378269088,0.1832076902145861,0.2546449536482208
UKR,747792781.5333332,18218655.323674414,802733607.9725491,18142649.25557814,0.07347065630475987,-0.004171881335144741,-17.6109170905291,854462922.4941181,18138464.31115798,0.06444144608847371,-0.0002306688709685486,-279.3677613190391,904010676.2901955,18136489.476943746,0.057987014406021165,-0.00010887549135116314,-532.5993360525181,943598139.858824,17956169.133630183,0.043790924827441555,-0.009942406083757183,-4.404459489839425
URY,97768657.19215688,1630952.8404451609,103535566.66274506,1647288.400656217,0.058985258018362206,0.010015961103202365,5.889126106879855,107435408.32156838,1670046.5539595797,0.037666685802054886,0.013815524527639896,2.7264028757429655,111515712.8509807,1690925.3368088116,0.03797914107795284,0.012501916667969305,3.0378654798794,116839207.1843137,1698637.8935181843,0.04773761649577425,0.004561145629249454,10.466146090500859
USA,16740461212.325481,135617422.57305193,18495942636.505867,152986102.55727556,0.1048645794112219,0.12807115527407836,0.8187993556145153,20586975874.741173,169477916.83820438,0.11305361826264455,0.10779942756404652,1.0487404322761953,22463265744.39212,184128301.3113954,0.0911396545596106,0.08644420905395785,1.054317640904342,23564249925.60386,195976048.3881824,0.04901264997439634,0.06434506261343409,0.7617157864753306
UZB,646121050.3058829,8669930.636375725,743329167.8431376,9632021.896177666,0.1504487703832509,0.11096873783111628,1.3557761701518083,837159617.5568625,10582106.786011158,0.12623001191515948,0.09863815718800631,1.279728002973155,912113584.1529429,11429102.973525578,0.0895336624272722,0.0800404120504712,1.1186057159577694,968447302.3176498,12390547.418551845,0.061761735756871404,0.08412247638798612,0.7341882741541814
VAT,79300096.17254914,2245363.3443433633,85169994.94117627,2335844.7728994773,0.07402133228003664,0.0402970097396751,1.8368939223586531,105487578.07451005,2629664.1268366957,0.2385532974067497,0.1257871915745931,1.8964832143921835,111093077.94117647,2704780.7096247408,0.053138956917818655,0.028565086324695434,1.8602764337483666,113934861.06274547,2786678.9006780926,0.025580199722918022,0.030279050261606735,0.8448151280145413
VEN,522288334.89803946,13232421.675167322,570163516.3333333,14656541.717663042,0.09166427476240673,0.10762353841612383,0.8517121450512898,640865785.2588241,16597524.674677854,0.12400349531336265,0.1324311692625058,0.9363618550219263,692379308.8784319,17787151.557273842,0.0803811418935452,0.07167495791772804,1.1214675840592823,719862884.2156866,16502226.06440278,0.03969439147708589,-0.07223896916454889,-0.549487235714402
VNM,430765710.5843146,14901941.612771373,582804229.6196091,18889629.194512416,0.3529494462989197,0.26759516882843537,1.3189679314622005,801650030.203923,23522437.919712596,0.3755048255692181,0.24525673201388448,1.5310683726633036,1049466230.8274465,28494027.610348426,0.309132653011295,0.21135520508567143,1.4626214333637544,1118485914.0941145,31340935.695858598,0.06576646416936147,0.0999124491785161,0.6582409370413377
YEM,57705465.160784215,2926617.936750546,61141905.81176468,3584487.8057552953,0.05955138982773194,0.22478843607963014,0.2649219455694606,64595707.556862645,4210911.63559089,0.0564882906288701,0.1747596487369274,0.32323417354714506,67652198.68235302,4898280.799235345,0.047317248174730354,0.16323523814529067,0.289871529654735,71981211.38039215,5938188.328669114,0.06398923881787076,0.2123005135998136,0.3014087800959844
ZAF,1295685064.5176454,15185761.891278597,1398518038.2509754,18115067.758501425,0.07936571667715599,0.19289818240237072,0.4114383852078255,1495141599.3294115,20558247.80098929,0.06908996411606974,0.1348700471374873,0.5122706307475302,1592930126.4156795,22946463.58281132,0.06540419123521628,0.11616825543406017,0.5630125974676553,1735654850.3176415,26816275.76949421,0.08959886032359315,0.16864525432065622,0.5312859865788634
ZMB,196575873.25490192,2589306.5854323404,209974101.77647072,3184391.4509844435,0.06815805164550987,0.22982402659464946,0.2965662583474058,224493470.72156867,3928934.4342462067,0.06914837983474095,0.23381013129889866,0.2957458663172423,237247922.76078445,4694974.5641790815,0.056814356329475034,0.19497401719299623,0.29139450039251635,247777882.45882368,5658418.810306642,0.04438378037415537,0.20520755394039486,0.21628726390378009
ZWE,112941058.09019636,2399271.363829381,122141318.2627452,2582170.72957982,0.08146072232829078,0.07623121273723729,1.0686006348748402,136203119.95686287,2774971.525246875,0.1151273123143187,0.07466616883943546,1.541893927380849,147882134.6549024,2871612.26258183,0.08574704237126443,0.03482584828554498,2.462166654727405,184677858.45098054,2913971.2905229945,0.24881791084463725,0.01475095662917949,16.867916915465674
