geography,urban_ghg_emissions_tonnesCO2e_2000,urban_population_2000,urban_ghg_percapita_tonnesCO2e_2000,urban_ghg_emissions_tonnesCO2e_2005,urban_population_2005,urban_ghg_percapita_tonnesCO2e_2005,urban_ghg_emissions_tonnesCO2e_2010,urban_population_2010,urban_ghg_percapita_tonnesCO2e_2010,urban_ghg_emissions_tonnesCO2e_2015,urban_population_2015,urban_ghg_percapita_tonnesCO2e_2015,urban_ghg_emissions_tonnesCO2e_2020,urban_population_2020,urban_ghg_percapita_tonnesCO2e_2020
global,3572421514.318291,1904135717.5253203,1.8761380722174215,5158717593.753946,2204877232.173122,2.3396847309587057,6520388064.27637,2505930353.4156284,2.6019829543103477,7372285428.326362,2755511533.1027384,2.675468906502845,7936342208.676416,2985964378.9785647,2.657882412981521
AFG,253743.5364967471,3869256.9216011725,0.06557939719126823,365580.600710087,4777468.961423881,0.07652181597871209,1330245.8117548695,5723072.191004288,0.23243561628416873,1657704.3978629871,6832927.365021722,0.2426053006722862,2025333.1343397638,8425116.408258624,0.24039230275257134
AGO,2862351.4917773544,9563508.067214934,0.29929932318349817,4329741.495847331,11039050.047755513,0.39222047885611905,6477940.04202604,14271898.553434392,0.45389476514091304,9570152.963566484,19722622.47589246,0.4852373448441941,8161752.551062782,26027327.164743315,0.31358396885711387
ALB,152403.49545982128,497038.3328163867,0.30662322279300214,226767.73185985355,622546.9673108001,0.36425802994337314,344147.21007808286,753263.7495387549,0.4568747802994822,398893.1965093105,893409.2560476807,0.44648428904123844,434078.38125593716,1035787.748932048,0.4190804358359084
ARE,15705863.624729883,2228978.412546383,7.046216121396849,20671497.32610614,2954874.9672672614,6.9957265722223205,35052970.364340976,5148886.456216905,6.807874025269497,45483148.242020614,5678233.454956538,8.010087750498936,44800734.821894884,6287206.594641633,7.125697898980604
ARG,40157849.79118707,21562746.592706162,1.86237173536932,46876822.33292992,23074562.51894975,2.0315367753747355,48802239.35566672,24541627.336388726,1.9885494424123187,57235892.76065209,25830860.08216691,2.215795083035836,48364057.07270367,26747623.199352637,1.8081627930916195
ARM,1191001.9157996117,1478921.317586455,0.8053179717114923,1192190.7077992614,1448220.1481534208,0.8232109664538128,1023471.9420379236,1410959.1323494578,0.725373200805391,1394838.8993415295,1400391.4979958492,0.9960349668915683,1551464.084727234,1312607.5140167463,1.1819710523974956
AUS,57515920.291100204,10494109.940539537,5.480781182681523,57413026.02653509,11488566.607687704,4.997405506455132,68198225.33047855,12751847.481013324,5.348105475071066,69096538.62430967,14131709.974104844,4.889467640570263,61813654.875457756,15971386.37220303,3.870274842454483
AUT,8526887.429291746,2421217.973007192,3.521734732003998,10689552.075427203,2553651.6524251904,4.18598678691175,11269719.849417634,2680022.6554282443,4.205083799046031,9791243.434812032,2844497.732660575,3.442169533970372,9546379.663789187,3078153.989116775,3.1013327135489934
AZE,3191119.9672143944,2328908.5762571,1.3702212271221894,6457478.690258407,2572861.6415503044,2.5098429647259954,6189319.329360877,2802662.091703969,2.208371586314881,13337824.37417639,2970223.5313674635,4.490511987842134,12759450.241114706,3125718.370653901,4.082085692974773
BDI,103044.59662697399,343397.30735488026,0.3000739796730079,151912.56820347434,488587.95586292783,0.31092163934981043,152639.50436214881,676332.5592775468,0.2256870562688822,153561.91944177763,886855.7096747438,0.17315321733464037,189995.49480484222,1081814.8342097146,0.17562663109869203
BEL,35123680.53318109,5431631.435078347,6.466506601745238,36164342.44127874,5795936.115989282,6.2396033561363735,38523236.565588556,6134206.152246489,6.280068783061758,36917196.30627298,6762405.426708722,5.459181160665883,34883512.532122955,7198454.966095028,4.84597218381243
BEN,326808.3033436922,1663048.9830685365,0.19651153193376747,496881.84694346867,1963434.8032990098,0.25306765781506774,681781.0655031448,2345718.726293752,0.2906491123001616,830159.0793747634,2780999.735145713,0.2985110242490787,1054163.4721282276,3313405.169237463,0.31815109178779655
BFA,381418.40114193683,1366170.9437614512,0.2791879031563833,622015.251771978,1926059.9576878618,0.322946982667495,922084.3210814892,2502458.8358445275,0.3684713242327141,1626777.9268439987,3130914.5825509126,0.5195855344985431,1988302.919075687,4010718.291360347,0.49574733866469056
BGD,4212752.685392006,23566354.4820046,0.17876132214716908,5991041.31957964,26918186.115280196,0.2225648226787022,9931516.0387611,29964828.27212811,0.33143911083244665,12567590.118706964,33222287.090533245,0.37828792715141285,15221709.043185016,35882921.99181949,0.42420483612385934
BGR,1839192.4597426779,2029121.446446186,0.9063984134433398,2126431.239539321,2065778.2430340438,1.0293608458264112,2161389.756874914,2102261.315805924,1.0281261138301079,2258541.95357091,2137087.4984185738,1.0568317653077899,2149035.3954272466,2158878.6811263775,0.9954405563475224
BHR,5567655.680717596,541426.7108154309,10.283304405747312,7222180.093428209,685521.5852869323,10.535306616793532,7205713.134139645,925659.6978796348,7.784408406939865,7572050.614945675,1036924.825425026,7.302410386251444,12207532.982198058,1404826.3304868897,8.689709693843172
BHS,620156.0658462148,186454.69773233368,3.3260415177979805,544392.6302038797,199619.85928144897,2.727146648452081,777320.6060671296,216332.22263879253,3.593179955281156,911248.5110845398,240752.0148935962,3.785008866851142,951180.2631216514,256117.98959217468,3.7138362074302074
BIH,183637.21782221575,523072.112867158,0.35107438019517045,247055.50502040016,530255.5268942881,0.46591783110193435,301025.10729347775,520082.18688129983,0.5788029563146367,291997.03572151746,498707.60380902945,0.5855074867343153,310053.8294877114,439482.91837834043,0.7054968840012877
BLR,6955065.474412244,4518885.538839704,1.5391107861957636,8080882.962649168,4636881.784143434,1.7427407768477197,11452132.837618314,4833696.313006576,2.3692288666962296,14256520.588566318,5062229.969744398,2.816253049303123,13616825.974331662,5287996.645128858,2.575044367109247
BOL,2888446.5609917534,3987591.450140643,0.7243587005107751,3701229.5920684934,4512936.620593453,0.8201377292069704,5558214.173155735,5023300.519479178,1.1064864926162168,6329358.770974091,5554503.649548023,1.1395003352800244,6082290.885334338,6263917.153302238,0.9710043630011693
BRA,112485493.27387978,74601678.7674404,1.507814504074855,63745082.74514019,39637047.50663263,1.6082197528580668,193702837.94263068,90627030.20234385,2.1373627438761753,209940872.1056844,96762178.1222292,2.169658395251177,195666312.4925847,101117542.04856302,1.9350382587287713
BWA,173774.7484549527,173777.85242148588,0.9999821383076731,212072.45954312003,221527.39398945213,0.9573193442307081,262735.45621324214,254682.60167342008,1.0316191780942627,289980.6583818744,287862.3880965815,1.0073586212471153,283974.04421185673,336698.9573033455,0.8434063665840617
CAF,78912.36930279974,781353.4579448019,0.10099445839833275,89490.25507230681,875813.2969926794,0.10217960309530998,119658.57418595438,986648.6612804887,0.12127779510759132,135124.57486243133,1070628.4650815187,0.12621051958686977,158087.77397780324,1184859.2391299605,0.13342325295440727
CAN,123762578.16813047,17940178.691203285,6.898625721538421,144257668.47229633,20474301.477854628,7.045791946959851,139706783.0161934,22289145.89827531,6.267928957609975,154507399.4334274,23586799.99465516,6.550587594266252,154046776.03388932,25052670.756552972,6.14891631837678
CHE,15429168.085409425,6684808.951893602,2.3080940975940405,18106778.313014828,7200209.445364253,2.514757167886638,18298425.61635133,8331469.513152424,2.19630229546716,16239050.840538412,8833357.187701164,1.8383781494931875,14932158.40857687,9123514.067033112,1.6366674396363023
CHL,10186415.576879647,8400498.137325864,1.212596611576929,12743594.778798038,9365797.58385111,1.360652380612097,12490827.701634433,10202773.896951558,1.2242580133395402,17461469.873851117,10764757.732787909,1.6220959456120394,18301755.77927658,11523449.469453892,1.588218512849861
CHN,524750001.81351495,343518043.7454881,1.5275762405141702,1076983245.363166,406094863.78023136,2.652048428630221,1866158429.104385,467699622.1561009,3.990078975264876,2390271783.914169,524058450.13772076,4.561078603514576,2908924001.275209,576954296.3317764,5.041862102024175
CIV,1332264.8105434743,4751405.179693791,0.28039385406178585,1591531.6410356422,5436108.464366078,0.2927703984326655,1756635.086146587,6127347.2697614115,0.2866876984132462,2521031.9640597007,6876591.973390349,0.36661066612866994,2919325.3531175377,8017119.034862714,0.3641364610432691
CMR,1289728.0533370331,5849531.807758435,0.22048397986765755,1647637.0762856167,7194975.301248263,0.22899829496284257,2142680.9104692666,8861263.313019086,0.2418030967798024,2580286.3687846987,10801108.373106405,0.23889088782863557,3207857.089832587,13003119.937080014,0.24669903110598737
COD,2582819.81829253,14917134.678768106,0.17314449952434333,3189461.064441344,17042385.008416448,0.18714875076852308,3499630.0179368653,19847279.60112377,0.1763279445984483,4670798.575094586,23728111.019793723,0.19684662513582554,4202731.859576394,29214384.374239136,0.1438583064335358
COG,1819353.5487308356,7365725.81746082,0.24700261641805446,2298189.2389371805,7796109.503627265,0.294786680185535,2289094.0034654895,8647336.59522412,0.26471665330221383,2787772.7547510583,10567967.22198098,0.2637946064927789,2589409.783071587,13625815.055878844,0.1900370563120471
COL,13815114.215650063,19254694.793378,0.7174932848274128,13445783.962384477,21531210.92122083,0.6244787630189679,15150488.549024234,23691633.50436715,0.6394868697522059,18663500.245602287,25693933.42999314,0.7263776990959251,18029828.234322883,27889401.353427425,0.646475985835642
CPV,7050.622823059545,13809.860732321897,0.5105498860359688,11862.161598748668,14684.758979447768,0.8077872858077207,14136.044587548358,15278.58852163457,0.9252192745116237,16879.704190126733,15507.474998999047,1.088488241394312,19233.781782627506,15617.266901824956,1.2315715613709555
CRI,1707842.207996841,1630518.3747089487,1.0474228530553633,2474071.5919811437,1742462.2771337344,1.4198709633191433,2997587.9063119893,1839945.0493441469,1.6291725165273208,2864462.5816714927,1954457.6275735407,1.4656048518318217,2783178.0400083098,2113997.4729564423,1.316547477285303
CUB,4778854.139196896,3657380.3808428063,1.30663306563034,2703281.5611794563,3718165.370335039,0.7270471568444162,2862302.070736066,3769242.3045281065,0.7593839396574464,3491778.9465965135,3829791.8645644234,0.9117411781315292,3284565.756244166,3912471.087670035,0.8395118283673244
CUW,871659.6811236362,80874.51963060621,10.777927153137174,1250122.647008783,107539.48952817862,11.624777581645604,878204.50607,125155.58266967288,7.016902381317445,1463022.0502804283,136856.65082182013,10.690178675972444,350107.1430004791,165008.45671074864,2.1217527269781025
CYP,524161.14834225643,410233.85433572123,1.2777130478200394,576748.1042458648,443256.70739283925,1.3011604666699783,649865.1977590496,484633.248513967,1.3409422480849882,618089.2277749773,515782.3110788496,1.1983528990789443,618828.492727859,552336.068963454,1.1203839971725702
CZE,4966432.874577697,1955993.797881607,2.5390841627189595,5043337.586084527,2021542.5798129174,2.4947966154397103,5160359.07458752,2094743.9844670761,2.463479600778215,4959090.388800825,2154196.605984663,2.302060255328492,4898702.954206806,2258795.9444960104,2.168723104954848
DEU,141512488.33322713,29012530.076291256,4.877633490119832,147363319.3970898,29582949.850804217,4.981359875884173,151053298.80795226,30570202.85675806,4.941193865010921,143629154.44101316,31480947.507331297,4.5624152325010146,122550205.98662966,33163097.894595098,3.6953787120895853
DJI,85078.18526496233,423300.870210361,0.20098750381184521,94929.59983930213,458998.58885768964,0.20681893614434316,95486.15333312296,496012.4580046288,0.1925075707115241,96253.75113769987,537554.8887754434,0.1790584610940235,95222.49484085379,657880.5923289545,0.14474130404692115
DNK,4666134.342775496,1558984.9107741765,2.993059336577119,5021703.8491355125,1643089.7021141788,3.056256662478037,4931660.930492384,1728264.8711595712,2.8535330508589865,4370233.734147817,1836256.5844988807,2.379968992917439,3708134.4256594153,1953371.2632942912,1.8983254721408045
DOM,4165095.3006015345,3994289.4462033487,1.0427625130072986,4779667.74022058,4494857.747460026,1.0633635164364201,4466838.767690209,4978489.210129236,0.8972277691396774,4783890.180713031,5373874.407437123,0.8902125018203647,6701446.620948196,6144487.0008591,1.090643795000498
DZA,4999820.843512371,8607749.09248292,0.5808511365507476,7807898.154535883,9751661.107265567,0.8006736563802996,7845000.501539437,10896956.493332902,0.7199258349190669,11230220.823385349,12198201.243773721,0.9206456426612526,12559591.1184956,13502856.830724334,0.9301432486433218
ECU,3345436.7630789313,5465706.2364262035,0.6120776745708112,4755112.406101405,6210753.198425752,0.7656257227073021,5230744.982304077,6888823.385036282,0.7593089109623802,6432895.874036299,7509234.35954918,0.8566646832450839,5325942.504274173,8275986.922759979,0.6435416771415113
EGY,22639405.33802091,26525742.367611226,0.8534880956117685,34907864.23224442,30739940.114053838,1.135586605007245,43045070.38821275,34800272.01727435,1.2369176415300949,53281362.339505434,39353900.555993326,1.3539029571845338,59123057.9757887,46254190.37683387,1.2782205783759675
ERI,33261.08368408437,574220.5204963068,0.05792388550540888,38054.39346008763,625700.0740585086,0.06081890515571395,41490.23905734728,641619.3754637691,0.06466487865544539,49364.420120863695,636661.0678140162,0.0775364202657421,54777.93643041479,493169.45853819913,0.1110732537914691
ESH,3972.51494124684,755.4732715936593,5.258313021275896,4226.155316402095,891.6117538859415,4.739905343310135,4435.499665997515,1097.1451277315923,4.04276476637886,3663.9883000459095,1304.39968925179,2.8089460080656647,3239.347237131459,1241.7896550674943,2.6086118723185794
ESP,19032554.62930599,16356796.982721645,1.1635868959803595,25882029.11332976,17624333.510741293,1.4685394541334427,26053210.825748753,19265744.013140514,1.352307536525905,23912623.81878951,20472049.414538126,1.1680620408139537,22778800.503143214,21769579.709689006,1.0463592226819627
EST,589892.9961697106,365000.18488114164,1.6161443763701187,700310.5220536463,364443.0501032834,1.9215911014222324,855103.4604785934,366526.20527973684,2.3329940619824687,1023683.148371723,394868.43741442973,2.5924663796243808,1089353.8838694706,446046.2175832824,2.4422444153246845
ETH,789999.1520375399,4856830.168143602,0.16265735565950346,1153421.319355565,5772758.45180769,0.1998041887573489,1336082.8239811256,6957821.410261008,0.19202603016092723,1922340.215990864,8308138.562996844,0.2313803749678259,2521546.574887977,10101743.7711934,0.2496149805421254
FIN,4887340.155901517,1112730.4274276006,4.392205008000026,5277677.51873808,1185902.0845631466,4.450348462522713,5992628.615069831,1284556.4015329028,4.665134678336142,5624841.069214367,1390188.6469043444,4.046099125999696,6288983.991659751,1488342.9775120723,4.225493778438405
FJI,247371.9372746728,167962.0499552395,1.4727846995234661,226838.0242167846,183041.46989168058,1.2392712118790443,148924.46287551985,205220.00018232543,0.725682013172252,213762.43918070264,212526.12734530348,1.0058172228085183,211979.6477156588,241278.61192682496,0.8785679179054131
FRA,78649744.39197534,23543089.51171607,3.340672189724114,86821592.1276346,24711273.421135567,3.5134406328641905,81077187.91705552,27047496.458158907,2.997585674610505,71487544.87295651,27967607.602239374,2.5560836625594137,61966294.18422625,28163579.12946986,2.200227957510764
GAB,418691.3785076045,533314.4911158285,0.785074070707504,1332326.1173943642,597142.9243649561,2.231167888008141,2301985.5516715576,684520.8943772621,3.362914953481109,2208918.5622807527,775712.8882471296,2.8475981200624667,2172935.8441149,973766.8502401103,2.231474447481037
GBR,110352080.56271479,30898546.846080765,3.57143269916307,111214959.02962211,32685030.470040217,3.4026267508474275,106499619.9936845,34630145.60206442,3.075344274248032,89914380.83472057,36449363.42510479,2.4668299357127133,79771565.27952605,37992186.874597915,2.099683430775668
GEO,821242.5911119343,1372212.3274917956,0.598480697672383,698603.8775476259,1362238.549406933,0.5128351989831529,785501.0842884874,1394383.9096973347,0.5633320055012601,1138641.050436955,1420530.7915257115,0.8015602739691444,1283184.8531631534,1358573.8494418326,0.9445087241229818
GHA,2314319.9685979513,6644904.005765481,0.348284936334659,2770315.7663827944,8427116.860125393,0.32873826391219324,4079593.0181395477,10344891.064861005,0.3943582385315685,5444495.039518266,12326363.079812502,0.4416951702838436,7022740.112569441,14863553.172825523,0.47248057250596404
GIN,331943.9147443755,1940298.6634577138,0.17107877307549862,406884.4404620451,2235797.131022481,0.18198629688551735,516659.38740322867,2590310.565653258,0.19945847198941213,613116.2182343204,3041928.114581458,0.20155513054215607,737448.5733039441,3391736.136607015,0.21742510136465515
GLP,73121.52679524572,70067.21573624373,1.0435911578176509,96168.751172866,68180.38986654105,1.4105045653319153,211629.831238571,116809.23645649124,1.8117559677517305,198167.7959595317,119944.8674568037,1.652157363306094,168427.60906850352,121671.57792580737,1.3842806343089176
GMB,677.9594253208426,39553.11593681122,0.01714048082593363,858.0517264502914,38103.73244287489,0.022518836645115604,786.4179049409864,35746.06786768395,0.022000123422021012,815.2241785519484,34038.14886151436,0.023950308868696774,1737.2427506195688,35730.03877742104,0.04862135083148548
GNB,38008.7656430364,268612.3697292378,0.14150042934117057,54401.533887874684,331159.0646720417,0.16427614307266633,62429.13399897048,405060.77823515126,0.1541228806970007,74964.71266337005,488170.7241319213,0.1535624914760597,81907.4362604584,564602.4484477261,0.14507099019079409
GNQ,91992.04005767795,228994.4387465887,0.4017217211090387,486887.2029975896,309896.16233285813,1.5711301467316208,1008018.7934634867,469132.0702497585,2.148688732635212,926706.2476789643,635912.5723502571,1.4572856206537457,921302.5910487322,1285991.7749947694,0.7164140618648043
GRC,9449206.74163452,4898820.32869017,1.9288739140512663,11671138.45465983,4994605.367311479,2.3367488713011637,9939104.276488962,4994260.917729111,1.9901051307123674,9018287.231944185,4954019.074558616,1.8203981648471308,7735063.563747008,4801359.930155732,1.6110151449312657
GTM,2765823.9586432185,2357817.040115405,1.1730443505946684,2971147.5861796234,2698094.9759278814,1.101202000925797,2094429.241382847,2937210.9310604753,0.7130673589814868,2213460.139031317,3074735.440522029,0.7198863713150929,2673335.0993679175,3357421.096741123,0.7962465899683502
GUF,29762.11188034798,58833.34223076803,0.505871513530695,49945.99547078631,75570.65687500194,0.6609178421381167,51109.076707736356,83069.32061706831,0.6152581522044486,40743.90614035157,90069.3420432582,0.45236153852198924,45340.48011024875,93894.37563787343,0.48288813682637793
GUM,1858.489337814939,9919.438858670683,0.18735831374074297,2234.237356193845,10098.48770329319,0.22124474692039717,3781.8948203380414,20297.144911509182,0.18632644329171522,4806.104994148863,22403.47461354621,0.21452498226515554,3101.419290008281,21694.701808972106,0.14295745188466485
GUY,214246.113917956,203489.6509638652,1.0528600000203494,234105.78330658175,204206.70444051817,1.146415755290604,274898.57024951244,219888.9845611193,1.2501698109079356,286433.12079063087,217461.6678250165,1.3171660258814586,223703.96132499064,218693.15454573111,1.022912499431763
HKG,36719126.45717728,26705012.949058373,1.374990026300362,75462579.42898582,35403383.22020475,2.1315075725847366,116567650.93962206,41317262.630387664,2.821282038512636,143610466.06765205,46898128.38164989,3.0621790468688164,168064266.28066662,50177626.43266663,3.3493865339802813
HND,470812.6737867977,1568878.1288367843,0.30009512219784273,852282.801687175,1785467.5232649504,0.477344331712441,911475.044414926,2002940.0858322864,0.45506855190637346,916814.8264909725,2219609.474957827,0.4130523125057358,1009744.9573134468,3075081.5158161563,0.32836363918159445
HRV,1126718.27684221,1081740.425165851,1.0415791539541135,1499145.966839814,1096607.170245843,1.3670765680874837,1542158.2804344231,1114084.9041809489,1.3842376596675856,1330627.1092740595,1111671.130238816,1.1969611093419383,1500353.4224447783,1101452.6514251158,1.3621588004745773
HTI,733510.9864601153,2393646.5366472374,0.3064408112183257,888418.439617869,2757628.569809414,0.3221675498086639,1130192.071053178,2630855.766080766,0.42959104243743695,1436345.3549050195,2696580.370278243,0.532654383580198,1557060.226912022,2823705.3996799495,0.5514244606000703
HUN,7370605.526351014,2899795.4778167577,2.5417673704010006,9299391.328547603,2886577.6804530695,3.2215974617693277,8932312.091296585,2935475.4759539235,3.042884249746255,8530734.984677,3060091.3274460817,2.7877386887654287,9065001.495026793,3073082.6295648166,2.949807274238669
IDN,75014462.69795023,70454543.89861701,1.0647214295488856,91441861.48072763,79881043.53467134,1.1447254246376797,120370843.04008786,89378734.43442674,1.3467503629557283,135480285.43301216,98165529.26468782,1.3801207658923837,156467131.17594042,103890588.64746319,1.5060760865152827
IND,114487345.80577672,240557410.50878176,0.47592525029112437,154924453.27117032,272432492.52914983,0.5686709827925304,238809814.39214632,300816907.5839184,0.7938709838825331,270083113.4907431,325753197.18864006,0.8291034925264017,303382420.61864537,343745025.62799907,0.8825798135242425
IRL,6248518.846518043,1044883.9965942918,5.980107712324569,7185555.586395727,1133317.9597385349,6.340282111168069,6995489.470621296,1256707.0633139012,5.566523555755617,5359563.636458149,1304678.477138421,4.10795742427927,6008059.265863761,1378434.7671145138,4.3586097864032185
IRN,54514444.67753836,25472785.728583585,2.1401053366678493,81347696.22444002,28614559.6777639,2.8428777916039203,97720781.39127786,31278252.234587938,3.1242404677335784,105189485.86709373,34058087.043118045,3.088531828987408,118150909.75819764,36676972.238700256,3.2213921309875446
IRQ,11091853.307115754,10519356.241429184,1.054423203525693,12459234.67515077,12672863.970902981,0.9831427768622226,16268338.676059235,14283503.667939778,1.1389599536824109,19339436.77083431,17693848.66778527,1.0930034010093646,26041622.803868446,20153511.16709339,1.2921630671676285
ISL,212236.90172652426,133665.57558982144,1.5878202056886663,257698.0214155278,144867.515813136,1.7788530435486405,233777.13461326127,172297.56620304988,1.3568220362309629,258818.00093837487,177607.31921163714,1.4572485080413098,156397.2073113919,198165.73570142413,0.7892242660307088
ISR,6181636.8896569,3374836.8078627796,1.8316846833170621,7696459.700862009,4015759.775211063,1.916563771660742,7099716.712460696,4357714.443686577,1.6292294514035244,8763956.046164257,4838333.661689647,1.8113583433813247,8279821.510200176,5342833.075977987,1.5497061937845746
ITA,43043652.28571347,20061994.832113024,2.145532019418824,48741010.56541126,20886373.923078272,2.333627212886157,45557536.613227166,21863805.212177735,2.0836966013515554,38572443.32898523,22584216.011178195,1.707938115270132,37348494.34450877,23294737.195205126,1.603301811543785
JAM,578566.2389954415,858053.5028754144,0.6742775794943019,653221.4292018873,886532.2461966834,0.7368276021591724,501404.9160322092,897894.6228722034,0.5584228964734248,618136.4507287582,904544.3165744565,0.6833677901704853,572774.1125851356,915454.1926890713,0.6256720621953337
JOR,3070468.8574973764,2801189.650652262,1.0961303019174058,4349961.618134057,3254088.6935898,1.3367679948930118,4456185.223931373,4057571.291180668,1.0982395389126278,5148641.947486993,5423524.869113006,0.949316555513284,5304589.134846369,6910260.297319548,0.7676395543166427
JPN,376365405.6184567,88541282.66842932,4.250733604434842,393559977.5122378,91171753.03247248,4.316687618938996,429401029.16541046,93242859.48087934,4.6051894113507394,441449180.26683867,95633165.298492,4.616067855633339,371921895.4247662,95461212.72781935,3.896052488723313
KAZ,24064547.236654114,8651126.271305557,2.7816663960243515,33130732.529188205,9572124.396981416,3.4611681958120006,50487500.612312004,10617754.347856693,4.755007411007154,41603472.4970411,13004371.540644193,3.199191315552047,48982421.1258067,14463867.182027921,3.3865369827697123
KEN,2690396.688998397,4133767.7646442545,0.6508340192715031,3090653.17065595,5148795.099608651,0.6002672685286823,3968094.147988776,6423779.699988284,0.6177195254681622,4153009.8094780073,7774898.514822911,0.5341561438467985,5162119.6395223895,9454161.004690768,0.5460156260255307
KGZ,999057.0023218929,1379337.1502402942,0.7243022506483258,1330131.8097933298,1486460.2348180288,0.8948317476896134,1349914.4503032442,1593719.5594382952,0.8470213233619471,1982375.9450451839,1785960.2146513162,1.1099776628743183,2222260.1010268573,1955846.1813220142,1.1362141472315406
KHM,244711.69053150987,1182255.557558826,0.20698713486008177,495808.79675479437,1608485.194851867,0.3082457944541142,848857.9277741966,2076607.9258417014,0.4087713993628013,1724082.5480438005,2500897.692729556,0.6893854766854074,2919057.543542633,2822706.4406721704,1.0341342980205617
KOR,89881098.04987769,32635866.174205877,2.754058910834615,99073404.25237317,34562085.21289563,2.866534343691954,114516281.67905858,35992539.23162827,3.1816672044751972,104150484.30343401,38184754.89942616,2.7275409931988115,108670480.93944259,39318363.901224464,2.7638607041850576
KWT,10767623.440683877,1573540.7947793433,6.842926142371679,14678695.957839027,1846041.6490997188,7.951443546789728,23282285.91285285,2413005.2418887583,9.648667772735068,32457916.211370286,3184060.9020837117,10.19387417813811,36473719.515507266,3870206.9824441457,9.424229680985453
LAO,103269.71963623805,322466.2663771274,0.3202496831574411,160351.62329770665,386166.79459502525,0.4152392840142252,278087.17589536787,393746.55649003823,0.7062593216669908,454115.78415981174,376008.9412986357,1.2077260253211417,488957.97857866273,345491.96697669534,1.415251367079237
LBN,2569756.9846029086,2055227.5815284117,1.2503515463196815,3006699.0741865705,2270984.144661029,1.3239630409816692,3905448.2106563053,2424599.65530517,1.6107600288199948,3928394.597755129,2847580.5027280953,1.3795552378559872,3893758.6357073104,2634569.8797664074,1.4779485128147551
LBR,199815.12892874033,893006.5127685571,0.22375551137836658,288999.0294842934,1295859.4336131902,0.2230172671417683,340895.7646477265,1212921.118169283,0.2810535322876198,551633.51721228,1466916.4144839186,0.37604972700939626,641572.377987666,1741394.5291313299,0.36842448236454806
LBY,8821286.182386372,2377041.216675046,3.711036275056853,12038097.83143637,2806410.204278834,4.289500449037104,14327637.243927563,3129841.236124024,4.577752084853614,13227610.74709621,3120495.835953366,4.238945168486323,11470603.11048606,3509241.6736641256,3.2686842848612336
LKA,2402209.367975136,3080989.8079557484,0.7796875412479904,3237040.9472597325,3383725.020281504,0.956650120165625,3216284.6239714506,3609068.6843754626,0.8911674742837481,7348492.865151184,3824720.8254590556,1.9213148359054921,9775922.8120141,4253787.36094242,2.298169133176478
LSO,98856.14011197643,246962.70193006675,0.40028773308436616,115278.23277527376,260255.80816987858,0.4429420176476038,117816.1630941282,275179.6172057822,0.42814276831421,126983.31507704633,290454.8701917001,0.43718776343201743,133536.99934851116,302899.2063789067,0.44086282346169403
LTU,1617308.6484492742,1161665.3219507644,1.3922328728323885,2180488.391541024,1106370.249664934,1.9708487210329353,2559088.702887781,1069543.1414471269,2.3926932946578017,2650448.5991238565,1059222.2492063,2.502259182253677,2685228.8972704825,1043818.9579185783,2.572504433742944
LVA,1726674.4587408213,680581.8232018696,2.5370563830481068,2015377.71087997,641539.4334746258,3.141471288778825,2607396.7807096257,608607.5138113609,4.284200772318748,2388745.1434471644,585191.3040920896,4.081990157309746,2119566.186849635,569421.2179949599,3.7223168365819412
MAC,975548.9901997477,989903.2473744958,0.98549933317946,1887506.8169750802,1337371.1591636182,1.411356005430469,2640463.9673391385,1513624.149405398,1.7444647460047469,3339168.9081167164,1704220.5050596667,1.9593526179288685,3961135.19197758,1964272.797646673,2.016591176502204
MAR,3247285.617661249,9096695.914630845,0.35697418580722423,4410443.333572417,10116712.480863063,0.4359561806184848,5534042.462778908,11471717.285525749,0.48240750055455045,5873677.275654907,12497337.311634568,0.4699942979203039,6929997.345203992,13901614.851969708,0.49850304579702026
MDA,508788.8133013841,926061.4756238644,0.5494114879993531,616206.4837411453,884518.9642112842,0.6966571760172603,644520.0794651214,804802.9149124831,0.8008421285790306,636858.7225788981,715029.8487794276,0.8906743175351778,686161.6935088745,630957.2480924802,1.08749316309986
MDG,315233.6650479906,1230355.1940594006,0.2562135443244785,376817.57374441763,1443756.674405234,0.2609979786930858,517355.57290692464,1901512.5396982678,0.2720758144403395,643861.7398192502,2465234.156779686,0.2611767073113741,709833.2502105315,3184517.214524959,0.22290137009556682
MEX,88144979.0877129,52105379.21717014,1.6916675478040994,110617112.2919838,59060807.64750902,1.8729359908549987,134255263.41353405,64586811.72892124,2.0786792197921122,139883379.8952131,69848721.23359394,2.0026620018912498,136189880.40022278,70483384.55920179,1.932226740414707
MKD,270334.2116094173,412761.3021645522,0.6549407858531402,390888.87939793814,465219.19854331017,0.84022516831181,419312.0569840706,482026.8707779915,0.8698935316765657,409803.55396968185,498669.02886783803,0.8217946779251291,435221.81409735343,514008.85868656146,0.8467204538253849
MLI,220396.18113363764,1792025.679686272,0.12298717793610087,290723.7192761854,2332237.413111969,0.12465442739307774,531292.7881455111,3232500.327171603,0.1643597012750763,753565.8962599611,3911701.74094761,0.19264400666636963,1050711.4590702015,4798774.559501637,0.2189541196491048
MLT,384498.5046863418,282037.54461027554,1.3632883707651355,479108.21485094953,285223.7941737345,1.67976243440306,535663.7368887867,296265.6804918087,1.8080519350049962,393499.5252273124,318782.7826319345,1.2343813614352115,378848.53129097144,361501.39258341736,1.0479863675865404
MMR,1545878.4155784792,6569492.261888808,0.23531170354617642,1815606.613962147,7433359.280605951,0.24425115824808386,1810772.9057520856,8312931.402071794,0.21782603731107356,3645764.078467176,9134197.036884045,0.39913350497537087,6123359.429487846,9579294.447444547,0.6392286470661067
MNE,51318.24337012608,124921.26088194021,0.41080471817063713,69240.70888148306,132355.34420279102,0.5231425243803867,91577.01512428744,143115.6832341631,0.6398810602360813,81065.92721290133,153825.39694658646,0.5269996295933514,86060.52532119211,164021.33203841074,0.5246910523872489
MNG,3822319.6597386077,656779.8593125219,5.819788176421221,4982411.151334,831091.7195596118,5.99501960382199,6426832.966302148,1027799.386022276,6.253003313394522,7945156.326069347,1240229.3231888504,6.406199383869537,10256684.624154575,1495414.0678489662,6.858758951564497
MOZ,566964.292106418,3194730.98482611,0.17746855519269272,1062357.5515138132,3715844.0442766044,0.28589939159317745,1096057.2524588392,4607335.212064395,0.23789396733903634,1836250.5385676257,5682052.159999439,0.3231667867279499,1995472.0289889104,6683207.6511525735,0.29857998331755786
MRT,139753.97559450203,529373.509956936,0.2639988079605095,282021.1125491425,698088.7963978369,0.40399031470549523,407617.33778790286,888586.2758699834,0.4587256734173833,705844.8096040508,1099187.479795496,0.6421514278304674,1021674.990069182,1326579.761005742,0.7701572269537736
MUS,470616.3080345279,506099.0595282134,0.9298897106689694,537532.1981652257,521984.05388349795,1.0297866269401363,530011.8494535201,533983.4334549173,0.9925623460344066,654261.610107703,560684.3291593967,1.1668983349126265,562288.5895577959,564883.8611469632,0.9954056545642891
MWI,328480.1166012665,999125.1131089953,0.3287677511969738,440003.4143042088,1195024.0039775784,0.36819629801550363,541719.6057127888,1417446.1998084127,0.3821800120427919,393536.684786326,1686826.903784805,0.23329998110851272,488919.4588331379,2057145.6239361991,0.23766886171997192
MYS,21463055.857834168,10391868.82486688,2.0653701677291054,30547226.873841856,12248710.571516575,2.493913681402274,35006122.467887975,14515171.217770942,2.4116920112543996,39770023.678446695,16500177.351572974,2.4102785582880655,41189420.9290448,18586438.11211945,2.216100830109394
NAM,75830.32564418258,222596.64100758792,0.3406624884406843,118073.20531573534,263237.5086824568,0.44854248130028823,152021.43020896337,306868.9694250274,0.4953952512494244,205670.30556435336,355928.4749988279,0.5778416732885185,274411.6078644826,378374.03783475293,0.7252389974608306
NCL,119188.91375687654,76089.03693515013,1.5664400360128092,220319.26609408134,107912.79459902512,2.0416417433421903,324407.91425410955,120727.999651714,2.6870975680040092,369813.27154121595,131419.8861331993,2.8139825898676816,461986.06108049036,144394.3209544546,3.1994752842545084
NER,67476.830791764,1422456.8323673108,0.047436821460139715,110616.30565145754,1919712.4903587312,0.05762128767041933,150663.32811928345,2368895.233194883,0.06360067174270377,243276.83757239068,2806602.5511346874,0.08668018828459903,311930.5668468856,3214679.596513557,0.09703317468564714
NGA,15350463.244076429,33556542.9370569,0.4574506758002394,24520845.16891168,41093743.226676315,0.5967050758470157,28128920.881946187,48962964.476819925,0.5744938277841203,34548178.288559996,57281680.31455146,0.6031278778633106,40170386.53667919,65332936.102111384,0.6148565935242116
NIC,707105.239162138,1357992.5956028008,0.5206988914753694,661351.937639463,1533211.3007716378,0.4313508107503619,752808.4808779806,1676227.3371644546,0.4491088196613289,728634.3680040694,1759297.1135319278,0.4141622028477489,649163.5615538461,1871306.2836149174,0.34690396074544083
NLD,24778975.552377142,6897118.042231364,3.5926564400745877,32264528.42902495,7688846.342300391,4.196276917581353,34195090.113249265,8026082.198810049,4.2604958765958125,31881639.43666807,8442073.12610556,3.776517800832589,30110746.404468626,8846308.414710604,3.4037640327345136
NOR,2099563.0208866056,908829.3710739594,2.310183943995518,2425106.302723318,1008375.1244244748,2.4049644264156513,3080136.271728842,1140479.0108983896,2.7007391125089852,3214423.6200557374,1304019.2865100298,2.4650123301922604,3137476.7222076254,1407594.06786136,2.228964155109418
NPL,397998.82330402796,1739671.9596633138,0.22877808720964518,536194.6094166208,2415447.4392120764,0.22198562498695004,1139045.273592915,3195532.050229891,0.3564493347863528,1389013.2768539223,3948278.625461032,0.3518022431083445,1838424.9594976795,4412764.57402129,0.4166152371510608
NZL,6979159.405616062,1629203.9842321484,4.283784887075005,6877205.903989896,1896691.0337911178,3.6258967757356317,7766510.319104147,2010621.213717823,3.862741657213075,7541133.325877692,2158177.3743201634,3.4942138749152565,9456711.441528976,2519124.5234699566,3.7539674412374313
OMN,2089048.8290857642,509139.2136953224,4.103099452747882,2544845.1202733065,567398.2450982785,4.4851127797064585,3507714.104401456,1215705.7312238864,2.8853315521266305,4727705.905289011,1176764.780898562,4.017545376977545,4932905.654760213,1119832.215318574,4.405039958023426
PAK,16032283.21519103,45546776.69257642,0.35199600014294974,21058789.980784494,52944181.47571397,0.3977545670517992,25939580.973903432,60292671.90693658,0.4302277565993741,33259241.674089096,67029380.86707474,0.4961890031484126,43402690.14751693,74510314.20580126,0.5825057995009456
PAN,810001.4955247388,1162966.5479354598,0.6964959542152633,1110138.7640725102,1305034.6184077398,0.8506584794102856,1286917.3072340237,1480444.6983479697,0.8692775276713115,1699608.403636839,1675053.9826560176,1.0146588833763357,2033748.0190535649,2045008.3143367935,0.9944937655244299
PER,6815052.711443253,11658728.630710721,0.5845451015551946,7784168.488469616,13042689.243565641,0.5968223533585901,11185535.945173966,14356051.074264793,0.7791513061154809,11581417.579641335,15633436.955107976,0.7408107131463048,11360493.105785074,16988293.395519823,0.6687248001486176
PHL,10385913.072282948,22622562.387611944,0.4590953444765499,11744960.738592446,25136794.031095214,0.46724179400378035,12563808.66086324,27918138.535826053,0.4500231505313539,15171105.002564203,30307471.789883576,0.5005730965533131,16826092.073798075,33102826.50524028,0.5082977452434296
PNG,156877.03457056,290081.37572423415,0.5408035389341753,266089.5398850131,332403.8064572973,0.8005008809043125,171624.2943363961,364692.05988961866,0.47060057843963377,222081.77437370585,396006.0787918641,0.5608039529373722,244356.83771937367,478540.4149548602,0.510629468448184
POL,36686300.57715298,10535014.50591834,3.4823208412806097,38353042.904588714,10708043.655696454,3.5817040103479316,36230826.568267934,10963948.794626798,3.304541752878662,36821094.30246965,11168124.002981573,3.296981148547371,36281675.99494342,11495516.840394568,3.1561587442029357
PRI,509810.44015586074,1284011.4576428682,0.3970450864135966,569008.5983660818,1381294.1214545006,0.41193876780342525,549219.8324736505,1352007.4638090176,0.406225444145353,716628.2567558939,1353027.1157983784,0.5296481115480338,631126.4777255578,1227116.1530851922,0.514316820081613
PRK,5175948.2720755,7201727.011308156,0.7187093129117812,7326890.136089697,7964650.869062964,0.91992609048935,6513936.056249103,8183368.355065081,0.7959969261578349,5582505.749602291,8352332.030701521,0.6683768951093064,8808831.315016177,8610414.897901172,1.0230437696055006
PRT,4680504.326890245,2895713.7077271263,1.6163560349217043,5215538.268042693,3080594.474450215,1.6930298068438543,5239536.827299445,3261769.9737827824,1.6063477404640465,4791819.140415752,3342346.56017787,1.433669146553356,4725352.6928464975,3503868.160862211,1.3486103003612187
PRY,2239386.6728244987,2009334.203173715,1.1144918895460094,2228250.748776442,2273282.4163965266,0.9801909048804124,2713029.254367603,2419381.1825286094,1.1213732147540671,3010587.818017912,2435770.7797983284,1.2359897913986702,3540076.4222953436,2255490.741127599,1.5695371112565664
PSE,3247257.839143098,2380194.550303614,1.3642825283878086,3950785.341126356,2741933.1890645716,1.4408758597339097,4603449.695648151,3298149.5018999325,1.395767442620866,4401772.662426274,3736697.310899348,1.177984807489493,4225892.289054859,4157737.5770314876,1.016392259194009
QAT,4659442.5299793575,449946.647206766,10.355544504898118,7193746.054547876,639982.7871043946,11.2405305259787,8456711.824453233,1260245.7459704073,6.71036728470878,14312306.16759782,1701119.0137312727,8.413465520090147,15180940.970672794,2084395.761073179,7.2831375184032625
REU,34776.490432531245,110503.23041700918,0.3147101700221271,53431.09150035443,142599.85387330604,0.37469247021687485,47448.00630470446,155034.0228459189,0.3060489912711665,52804.39495432588,168490.88238277903,0.3133961565609491,57819.12098459125,207544.108256301,0.27858714694607994
ROU,14217879.682349376,5904630.484520042,2.4079203126468083,15191877.222010445,5793634.450687692,2.6221670268146107,12815774.411213392,5828276.589996183,2.198896056719536,10761709.084228236,5833145.674006518,1.8449237659508881,10622158.205148611,5913095.135391917,1.7963787089389658
RUS,279235087.36074895,60451255.5333448,4.619177631583241,300899156.9634711,60974046.648185484,4.934872679512825,330201798.6156032,62018081.88809483,5.3242826698738925,370329781.5752205,64347424.35992126,5.755160913726955,395039772.76790184,66713889.57810514,5.921402203740645
RWA,246062.11982354964,1494931.6977409227,0.16459756669511275,331537.9211836462,1922411.9081618479,0.17245935679864402,378926.2755856853,2297667.471945158,0.1649178047791633,506756.2513696371,2710745.6327841636,0.18694349083914444,535234.779320217,3145779.6660598107,0.17014375962020747
SAU,59552751.11748366,12591669.993324615,4.729535569869218,89907445.85838494,14734274.799995339,6.10192541396156,119024103.16515864,18187784.167522125,6.544178337991258,150204074.47577605,20770988.92674026,7.231435874601309,158399276.27458712,24070053.929789208,6.580761170566031
SDN,3239212.544874908,7057668.297475535,0.458963556849724,3992206.1684381305,8031329.030222386,0.49707914510975865,3575063.1037534326,9195865.964565149,0.3887685094073127,4828025.003993836,10269622.49652936,0.47012682361259894,5475956.504490629,11504717.03934497,0.47597489671092397
SEN,744670.667446621,3747598.836332936,0.1987060782032073,1019158.237379016,4332874.232091692,0.2352152826940047,1498366.3080282458,5022803.6074211905,0.298312740282023,1692030.2358540318,5734526.085399066,0.295060168993247,2346029.489309411,6364819.5505391285,0.36859324458156745
SGP,26499998.148761667,4742545.797851082,5.587715813049019,21828056.952007823,5222350.445267541,4.1797380663697625,26203480.22260923,6216132.939800954,4.21539894277877,30380813.922160223,6869224.7720512925,4.422742730121478,31236744.803709112,7287285.439692631,4.286471973990172
SLE,143894.905350218,1046661.6350408763,0.13747986983835356,222715.7118420447,1349851.853066573,0.16499270741161892,284729.8878284485,1652097.1585679934,0.17234451760406572,420228.7483517707,1944458.9949373775,0.21611602478935504,441412.5934011693,2406986.8164918395,0.18338803950929983
SLV,753071.3375553848,1908965.7679835663,0.39449179769779286,975916.4996941147,1958979.7300741684,0.4981759048916579,889869.5446781396,1950358.8555148402,0.4562593915278422,640401.5433032913,1958350.8233880398,0.32701063346523696,701580.9008193377,2021300.603683386,0.3470937967073563
SOM,338357.82035645505,2585480.66934755,0.13086843942323506,489951.4201809193,3115708.0788246817,0.15725202996737117,528085.477972256,3602748.647892898,0.14657849591619773,627622.3637273107,4352304.677850343,0.1442046019713172,813053.2650294646,6484981.371268283,0.12537480348543453
SRB,956337.4053542882,1637735.5327356805,0.5839388510773886,1231195.890766233,1731316.5857028575,0.7111327303933891,1573745.8619737988,1824922.9729800741,0.8623628971056754,1455974.2913569082,1939036.5973726748,0.7508750960810647,1500157.6015172238,2060462.7476241258,0.7280682959432402
SSD,78255.54558906457,544742.1678640076,0.1436561188128926,142039.15864942814,748730.8825678987,0.18970655806567094,210420.34865593788,995408.1551908543,0.21139102342957294,250983.79952512548,1091026.0929473343,0.23004381026956877,280685.1369031579,901179.006685308,0.3114643537198745
SUR,235282.26485574467,206407.50020162264,1.1398920321495907,286653.8537510171,236093.93523601384,1.214151703915903,256532.76581014256,258137.8185562331,0.9937821867595085,435387.6306745856,273975.76353018696,1.5891465181613194,371970.19610267814,296575.6972533209,1.2542167127907276
SVK,6088972.980949443,615055.9306591357,9.899868739456078,7157456.038945587,599555.9393609605,11.937928671967448,6889677.321419935,584416.1530948218,11.788991945097864,6875583.566933535,576285.6238957349,11.930860812480562,5844228.557724701,573205.0691667155,10.195702850675453
SVN,1058850.7203425725,531339.4956548095,1.9927950566476738,1101341.2925767107,530697.7974019302,2.075270140498806,1173504.73283754,539805.3225843031,2.17394064811999,910492.7662692803,547228.5125077142,1.6638255234488448,878885.8868503594,556528.1981006666,1.5792297494535643
SWE,7884209.666989459,2303040.5054512303,3.423391663467387,9319281.741481772,2467638.823145046,3.7765987688604263,10272138.539359797,2707749.5028713197,3.79360739553904,8665188.270840965,3008328.09600461,2.8804000076817706,9157185.699730184,3324895.614988975,2.7541272749883148
SYR,4543826.703740104,6059887.196063626,0.7498203442948043,6984274.473969625,7366147.618744415,0.9481583638368788,8016268.857607331,9740185.701075302,0.8230098587055016,3801483.0616646903,6974844.41121351,0.5450276504452225,3705980.5645167134,8345716.992074002,0.44405778054016387
TCD,202670.92619840993,1099832.928128139,0.18427428477100222,261886.4845731965,1316668.8968185668,0.19890079062852178,259816.65630155976,1541739.4172422625,0.16852177053778555,383168.5455155384,1790639.621872876,0.21398417684669158,525019.0824693784,2077686.9006437557,0.2526940331128358
TGO,458942.6586759546,1211142.5479599698,0.3789336436482978,565681.5982455317,1594255.8507772498,0.3548248532189762,786600.4890011594,1835914.751035088,0.428451532707428,886384.5094052913,2053278.4778723824,0.43169230036627443,1032966.4952397327,2343013.7812189506,0.44087085766193523
THA,22774860.622315913,11739504.99120145,1.9400188201619462,36867361.22273718,14592604.086837793,2.5264415455491407,56394969.109360866,18004223.410452724,3.1323188911674804,71097732.3823042,20349589.061131675,3.493816615594612,90247606.35624683,22918981.97686798,3.9376795377444473
TJK,362157.6159364723,1079628.7903950615,0.3354464230283729,473909.4608852166,1268638.493800306,0.37355752895813815,512415.85200608143,1437537.609685863,0.3564538754002108,725070.4122721803,1752446.434152904,0.41374754636803734,1142796.3046476548,1983009.4306765029,0.5762939333363585
TKM,2842297.735578479,1215955.6242561352,2.337501203892423,4092857.5457324446,1364448.1993566314,2.9996430408001715,5671891.752299277,1507600.1696781341,3.762198934688499,8004207.479380553,1685056.7943537529,4.750111394583764,7881361.604766205,1875349.0276701842,4.202610547945581
TLS,5933.069963054637,140034.45395010314,0.04236864425642492,15484.384777174622,159026.00519425317,0.09737014243840285,16387.694903775202,205208.97437102607,0.07985856833992841,27159.661000720433,258142.3372890851,0.1052119589755834,26007.684139549554,315917.58187964343,0.08232426946550199
TUN,3590358.657920914,2960426.9404634926,1.2127840781501593,4348280.306646026,3278038.556236085,1.3264884570603757,5173080.171989264,3590136.2626941428,1.4409147156178508,6150790.182055881,4132844.636819394,1.4882703615951756,5944938.512426906,4534251.1127874,1.3111180577672716
TUR,28401968.566377055,27831868.181648035,1.0204837268202116,33252241.65707417,32473712.428421363,1.023974136938265,47470592.139290996,37088636.68370427,1.2799228115103047,58877030.455561295,40792844.878049016,1.4433175874733741,66798535.364060536,44293606.537920296,1.5080852652373993
TWN,49772179.513974406,15342631.897445578,3.2440444277530416,58686763.42194437,16363869.959322577,3.5863621238636303,62591028.12662819,17070303.532072388,3.6666616975515165,85433914.37760454,17749941.945427533,4.813194017212699,80052757.04152845,18414258.152723964,4.347324577378453
TZA,1801279.8768253399,4823809.224888446,0.3734144102406943,2746297.391206093,6180496.409089797,0.4443489987579397,3237089.754696309,7993589.061400323,0.404960741643283,4819682.144473777,10239588.63201062,0.4706909933282541,5463757.415728893,12781436.386970412,0.4274760089796112
UGA,581646.976958127,1987535.4235735037,0.29264735111606244,874842.9402315385,2563811.5295720133,0.3412274771919679,1085202.0908411855,3200682.5051099956,0.3390533391264596,1540750.779706256,3933960.0764710703,0.39165389321601224,2490176.014281606,4654691.815477732,0.5349819307051219
UKR,61355103.01840167,18218655.323674414,3.3677075463781985,63951737.276297286,18142649.25557814,3.524939294994896,65112324.99640429,18138464.31115798,3.5897374705724165,45839309.90175784,18136489.476943746,2.527463209461328,38872238.31655801,17956169.133630183,2.1648402856572586
URY,1573362.7676794317,1630952.8404451609,0.9646893083983898,1981105.0832769633,1647288.400656217,1.2026461683866447,4134187.448603964,1670046.5539595797,2.4754923381040217,5866105.286576521,1690925.3368088116,3.4691687201560844,6017933.425581319,1698637.8935181843,3.5427994680591386
USA,318441819.7066453,51475226.87894295,6.186312115836653,937397098.2019192,152986102.51601386,6.127334985240224,920629412.7673615,169477916.83820456,5.432149686181584,948093674.9960105,184128301.3134908,5.149092606800393,930581061.2426304,195976048.3881824,4.748442827050826
UZB,21832157.94865101,8669930.636375725,2.518146783902929,23004148.49200534,9632021.896177666,2.3882990238149495,25495358.04118076,10582106.786011158,2.4092894313714477,21728155.88490633,11429102.973525578,1.9011252182465692,26017346.59435229,12390547.418551845,2.09977378040599
VAT,4083064.677465995,2245363.3443433633,1.8184427423527088,4885424.163938849,2335844.7728994773,2.091502064101026,4566458.084820884,2629664.1268366957,1.7365176176753865,4015851.4882129678,2704780.7096247408,1.4847235023241954,3610639.017917077,2786678.9006780926,1.2956781698237594
VEN,17809239.29116775,13232421.675167322,1.3458790634362516,21524599.59155925,14656541.717663042,1.4686001654550815,20036151.321278196,12546040.142171413,1.597009980378592,22190099.04999776,17787151.557273842,1.2475352772784682,13797029.959684584,16502226.06440278,0.8360708371003583
VNM,10126695.98578595,14901941.612771373,0.6795554733020222,16028136.074486222,18889629.194512416,0.8485151248571106,23461876.968407836,23522437.9197126,0.9974253964869002,36875339.16088177,28494027.610348426,1.2941427468642388,41465121.21396548,31340935.695858598,1.3230339265028612
YEM,517880.23296627024,2926617.936750546,0.17695518996964735,737751.4456489172,3584487.8057552953,0.2058178143232556,905236.299943141,4210911.63559089,0.21497394822822374,642565.7918874582,4898280.799235345,0.13118190202320926,606099.0504939728,5938188.328669114,0.1020680074371797
ZAF,46023142.70029864,15185761.891278597,3.030677224481598,60468659.20394448,18115067.758501425,3.338031080538822,57571127.03746025,20558247.80098929,2.800390752887503,60910019.131870694,22946463.58281132,2.654440363416044,59512962.44485628,26816275.76949421,2.2192851444553434
ZMB,1175453.577009625,2589306.5854323404,0.45396461879903566,1430013.793138839,3184391.4509844435,0.44906972498521036,1590838.4137847861,3928934.4342462067,0.40490327349786875,2131925.598728452,4694974.5641790815,0.454086719658559,2675071.640113067,5658418.810306642,0.472759569376608
ZWE,2031586.8396438549,2399271.363829381,0.846751588949622,1877604.5168707557,2582170.72957982,0.727141894748488,1398946.4471441566,2774971.525246875,0.504130018782697,1676553.0839352934,2871612.26258183,0.5838368590987719,1883100.6459067021,2913971.2905229945,0.646231708607097
